[
	// Always available
	{
		"name": "Palace",
		"isNationalWonder": true,
		"cost": 120,
		"production": 3,
		"science": 3,
		"gold": 3,
		"culture": 1,
		"cityStrength": 3,
		"greatPersonPoints": {"Great Courtesan":10},
		"specialistSlots": {"Courtesan": 2},
		"uniques": [
			"Provides [1] [Decadence] <during the [Classical Age]>",
			"Provides [2] [Decadence] <during the [Hellenistic Age]>",
			"Provides [3] [Decadence] <during the [Imperial Age]>",
			"Provides [1] [Manpower] <during the [Classical Age]>",
			"Provides [2] [Manpower] <during the [Hellenistic Age]>",
			"Provides [3] [Manpower] <during the [Imperial Age]>",
			"Provides [3] [Manpower]",
			"[+1 Gold] from [Trading post] tiles [in this city]",
			"[+1 Culture] from [Village] tiles [in this city]",
			"Doubles Gold given to enemy if city is captured",
			"Limited to [1] per Civilization",
			"Destroyed when the city is captured"
		]
	},	
	{
		"name": "Make Capital",
		"requiredTech": "Social Reforms"
		"cost": 250,
		"hurryCostModifier": 40,
		"maintenance": 0,
		"production": 3,
		"culture": 1,
		"happiness": 1,
		"cityHealth": 20,
		"cityStrength": 5,
		"greatPersonPoints": {"Great Courtesan":5},
		"specialistSlots": {"Courtesan": 3},
		"uniques": [
			"Indicates the capital city",
			"Provides [3] [Manpower] <during the [Classical Age]>",
			"Provides [6] [Manpower] <during the [Hellenistic Age]>",
			"Provides [10] [Manpower] <during the [Imperial Age]>",
			"Provides [1] [Veteran] <in cities with at least [10] [Population]>"
			"Provides [1] [Veteran] <in cities with at least [30] [Population]>",
			"Provides [3] [Decadence] <during the [Imperial Age]>",
			"[+1 Gold] per every [100] [Science]",
			"[+1 Gold] per every [100] [Culture]",
			"[+1 Culture] per [10] population [in this city]",
			"[+1 Happiness] per [10] population [in this city]",
			"[+1 Gold] from [Farm] tiles [in this city]",
			"[+1 Gold] from [Trading post] tiles [in this city]",
			"[+1 Gold] from [Desert] tiles [in this city] <during the [Imperial Age]>",
			"[+1 Gold] from [Ocean] tiles [in this city] <during the [Imperial Age]>",
			"[+1 Gold] from [Coast] tiles [in this city] <during the [Imperial Age]>",
			"[+1 Food] from [Snow] tiles [in this city] <during the [Imperial Age]>",
			"[+1 Food] from [Village] tiles [in this city]",
			"[-30]% enemy spy effectiveness [in this city]",
			"Can be purchased with [Gold] [in all cities]",
			"Doubles Gold given to enemy if city is captured",
			"Limited to [1] per Civilization",
			"Destroyed when the city is captured",
		]
	},
	{
		"name": "Muster Field",
		"cost": 40,
		"maintenance": 1,
		"uniques": [
		"Provides [1] [Manpower] <while the empire is happy>",
		"Provides [1] [Manpower] <during the [Classical Age]>",
		"Provides [2] [Manpower] <during the [Hellenistic Age]>",
		"Provides [3] [Manpower] <during the [Imperial Age]>",
		"Provides [1] [Manpower] <in cities with at least [5] [Population]>",
		"[+1 Culture] <while the empire is happy>",
		"[+1 Production] from [Fort] tiles [in this city]",
		"[-1 Food] from [Village] tiles [in this city]",
		"[+50]% weight to this choice for AI decisions",
		]
	},
	{
		"name": "Pirate Haven (Illyrian)",
		"requiredBuilding": "Mercenary Camp",
		"cost": 80,
		"hurryCostModifier": 25,
		"maintenance": 0,
		"gold": 5,
		"happiness": -3,
		"cityHealth": 5,
		"uniques": [
		"Only available <starting from the [Classical Age]>",
		"New [Galley] units start with [30] XP [in this city]",
		"Must be next to [Coast]",
		"Limited to [1] per Civilization",
		"Destroyed when the city is captured",
		"Consumes [1] [Mercenary (Illyrian)]","Only available <with [Mercenary (Illyrian)]> <hidden from users>",
		],
	},
	{
		"name": "Pirate Haven (Cretan)",
		"requiredBuilding": "Mercenary Camp",
		"cost": 80,
		"hurryCostModifier": 25,
		"maintenance": 0,
		"gold": 5,
		"happiness": -3,
		"cityHealth": 5,
		"uniques": [
		"Comment [Enables Hemiola]",
		"Only available <starting from the [Classical Age]>",
		"Consumes [1] [Mercenary (Cretan)]","Only available <with [Mercenary (Cretan)]> <hidden from users>",
		"Provides [1] [Enable Hemiola] <hidden from users>",
		"New [Hemiola] units start with [20] XP [in this city]",
		"Must be next to [Coast]",
		"Limited to [1] per Civilization",
		"Destroyed when the city is captured",
		],
	},
	{
		"name": "Pirate Haven (Cilician)",
		"requiredBuilding": "Mercenary Camp",
		"cost": 80,
		"hurryCostModifier": 25,
		"maintenance": 0,
		"gold": 5,
		"happiness": -3,
		"cityHealth": 5,
		"uniques": [
		"Comment [Enables Hemiola]","Provides [1] [Enable Hemiola] <hidden from users>",
		"Only available <starting from the [Hellenistic Age]>",
		"Consumes [1] [Mercenary (Cilician)]","Only available <with [Mercenary (Cilician)]> <hidden from users>",
		"New [Hemiola] units start with [20] XP [in this city]",
		"Must be next to [Coast]",
		"Limited to [1] per Civilization",
		"Destroyed when the city is captured",
		],
	},
	// Agriculture
	// Mythology
	{
		"name": "Shrine",
		"cost": 40,
		"maintenance": 0,
		"culture": 1,
		"requiredTech": "Mythology",
	},
	{
		"name": "Herbalist",
		"cost": 80,
		"requiredNearbyImprovedResources": ["Herbs","Hemp","Flax","Truffles","Citrus"],
		"maintenance": 1,
		"science": 1,
		"cityHealth": 10,
		"uniques": [
		"[+10]% growth [in this city]",
		"[+1 Gold] from [Trading post] tiles [in this city]",
		"[+1 Science] from [Herbs] tiles [in this city]",
		"[+1 Science] from [Village] tiles [in this city]",
		],

		"requiredTech": "Mythology",
	},
	// Writing
	{
		"name": "Palace Library",
		"requiredBuilding": "Palace",
		"hurryCostModifier": 25,
		"cost": 130,
		"maintenance": 2,
		"science": 4,
		"specialistSlots": {"Scholar": 1},
		"uniques": [
		"Only available <in cities with a [Palace]>"
		"Consumes [1] [Decadence] <in cities with a [Palace Library]> <while the empire is happy>",
		"New [Foot Guard] units start with [10] XP [in this city]",
		"New [King] units start with [10] XP [in this city]",
		"Limited to [1] per Civilization",
		"Destroyed when the city is captured"
		],
		"requiredTech": "Writing"
	},
	{
		"name": "Council of Nobles",
		"requiredBuilding": "Palace",
		"hurryCostModifier": 25,
		"maintenance": 2,
		"happiness": 2,
		"culture": 2,
		"cost": 120,
		"specialistSlots": {"Magistrate": 3},
		"uniques": [
		"Provides [1] [Decadence] <during the [Classical Age]>",
		"Provides [2] [Decadence] <during the [Hellenistic Age]>",
		"Provides [3] [Decadence] <during the [Imperial Age]>",
		"Provides [1] [Nobles] <during the [Imperial Age]>",
		"New [Foot Guard] units start with [20] XP [in this city]",
		"New [King] units start with [20] XP [in this city]",
		"Only available <in cities with a [Palace]>",
		"Limited to [1] per Civilization",
		"Destroyed when the city is captured"
		],
		"requiredTech": "Writing"
	},
	{
		"name": "Courthouse",
		"hurryCostModifier": 50,
		"maintenance": 2,
		"cost": 80,
		"specialistSlots": {"Magistrate": 1},
		"uniques": [
		"Provides [1] [Decadence]",
		"Removes extra unhappiness from annexed cities",
		"[-10]% [Production] <in this city> <in cities without a [Colony]>",
		"[-10]% [Food] <in this city> <in cities without a [Colony]>",
		"Can only be built <in [Annexed] cities>",
		"Cannot be purchased"
		"Destroyed when the city is captured"
		],
		"requiredTech": "Writing"
	},
	// Diplomacy
	{
		"name": "Perfumery",
		"requiredNearbyImprovedResources": ["Incense","Citrus","Honey"],
		"hurryCostModifier": 25,
		"cost": 80,
		"maintenance": 2,
		"uniques": [
		"Provides [1] [Decadence] <during the [Imperial Age]>",
		"Provides [1] [Perfume]",
		"Provides [1] [Decadence]"
		],
		"requiredTech": "Diplomacy"
	},
	{
		"name": "Pleasure Chambers",
		"requiredBuilding": "Council of Nobles",
		"cost": 100,
		"hurryCostModifier": 25,
		"maintenance": 2,
		"happiness": 3,
		"specialistSlots": {"Courtesan": 1},
		"uniques": [
		"Provides [1] [Decadence]",
		"Provides [1] [Decadence] <during the [Imperial Age]>",
		"[+1 Happiness] from [Wine] tiles [in this city]","[+1 Happiness] from [Incense] tiles [in this city]",
		"[+1 Happiness] from [Truffles] tiles [in this city]","[+1 Happiness] from [Honey] tiles [in this city]",
		"Only available <in cities with a [Palace]>",
		"Limited to [1] per Civilization",
		"Destroyed when the city is captured"
		],
		"requiredTech": "Diplomacy"
	},
	{
		"name": "Second King",
		"replaces": "Pleasure Chambers",
		"uniqueTo": "The Spartans",
		"requiredBuilding": "Palace",
		"maintenance": 0,
		"culture": 1,
		"happiness": 3,
		"cityStrength": 2,
		"cityHealth": 20,
		"greatPersonPoints": {"General": 1},
		"uniques": [
		"Only available <in cities with a [Palace]>"
		"Limited to [1] per Civilization",
		"Destroyed when the city is captured"
		],
		"requiredTech": "Diplomacy"
	},
	// Hospitum
	{
		"name": "Banquet Hall",
		"hurryCostModifier": 25,
		"maintenance": 2,
		"culture": 1,
		"happiness": 2,
		"cost": 90,
		"specialistSlots": {"Courtesan": 1},
		"uniques": [
		"Provides [1] [Decadence]",
		"Provides [1] [Decadence] <during the [Imperial Age]>",
		"[+1 Happiness] from [Wine] tiles [in this city]","[+1 Happiness] from [Crab] tiles [in this city]","[+1 Happiness] from [Deer] tiles [in this city]"
		],
		"requiredTech": "Hospitum"
	},
	// Cultural Exchange
	// Vassalage
	// Mysticism
	{
		"name": "Temple",
		"hurryCostModifier": 25,
		"maintenance": 2,
		"faith": 2,
		"cost": 70,
		"culture": 1,
		"specialistSlots": {"Priest": 1},
		"requiredBuilding": "Shrine",
		"uniques": [
			"Consumes [1] [Decadence] <during a Golden Age>",
			"[-15]% Culture cost of natural border growth [in this city]", "Destroyed when the city is captured"],
		"requiredTech": "Mysticism"
	},
	{
		"name": "Secret Cult",
		"requiredBuilding": "Temple",
		"hurryCostModifier": 25,
		"cost": 80,
		"maintenance": 1,
		"happiness": 3,
		"faith": 1,
		"uniques": ["Provides [1] [Decadence]"],
		"requiredTech": "Mysticism"
	},
	// Entertainment
	{
		"name": "Theatre",
		"hurryCostModifier": 25,
		"maintenance": 1,
		"cost": 140,
		"happiness": 1,
		"culture": 3,
		"specialistSlots": {"Artist": 1},
		"requiredTech": "Entertainment",
		"uniques": [
				"Provides [1] [Decadence]",
			"[+1 Happiness] from [Village] tiles [in this city]",
			"[-15]% Culture cost of natural border growth [in this city]"
],
		"civilopediaText": [{"text": "Promoting largely politically irrelevant or pro-ruling class themes, a Theatre can keep your people busy while shaping their perceptions and making them feel more enlightened."}]
	},
	{
		"name": "Amphitheater",
		"replaces": "Theatre",
		"uniqueTo": "The Athenians",
		"cost": 160,
		"hurryCostModifier": 25,
		"maintenance": 1,
		"culture": 2,
		"happiness": 1,
		"specialistSlots": {"Artist": 1},
		"requiredTech": "Entertainment",
		"uniques": [
			"[+1 Happiness] from [Village] tiles [in this city]",
			"Consumes [1] [Decadence] <during a Golden Age>",
			"[-25]% Culture cost of natural border growth [in this city]"
		],
		"civilopediaText": [{"text": "Promoting largely politically irrelevant or pro-ruling class themes, a Theatre can keep your people busy while shaping their perceptions and making them feel more enlightened."}]
	},
	{
		"name": "Arena",
		"replaces": "Theatre",
		"uniqueTo": "The Romans",
		"hurryCostModifier": 25,
		"cost": 180,
		"maintenance": 3,
		"culture": 2,
		"happiness": 2,
		"greatPersonPoints": {"General":1},		
		"requiredTech": "Entertainment",
		"uniques": [
			"New [Sword] units start with [5] XP [in this city] <when at war>",
			"New [Slinger] units start with [5] XP [in this city] <when at war>",
			"[+1 Gold] from [Trading post] tiles [in this city]",
			"[+1 Happiness] from [Village] tiles [in this city] <during the [Imperial Age]>",
			"Provides [1] [Decadence]",
			"Provides [1] [Decadence] <during the [Imperial Age]>",
			"Only available <in cities without a [Harbor]> <hidden from users>",
],
		"civilopediaText": [{"text": "A grand show of violence and death keeps the masses busy and enhances our warrior culture."}]
	},
	{
		"name": "Bardic Circle",
		"replaces": "Theatre",
		"uniqueTo": "The Arverni",
		"hurryCostModifier": 25,
 		"cost": 140,
		"maintenance": 1,
		"culture": 1,
		"happiness": 2,
		"specialistSlots": {"Artist": 1},
		"uniques": [
			"Provides [1] [Manpower]",
			"[+1 Culture] [in this city] <when not at war>",
			"[+1 Happiness] [in this city] <when at war>",
			"[+1 Food] from [Village] tiles [in this city]",
			"Destroyed when the city is captured"
		],
		"requiredTech": "Entertainment"
	},
	{
		"name": "Tavern",
		"requiredBuilding": "Market",
		"hurryCostModifier": 25,
		"cost": 170,
		"maintenance": 1,
		"happiness": 1,
		"uniques": [
			"[+1 Happiness, +1 Gold] from [Wine] tiles [in this city]",
			"[+1 Gold] from [Camp] tiles [in this city]",
			"[+1 Gold] from [Village] tiles [in this city]",
			"[+1 Food] from [Pasture] tiles [in this city]",
			"[+1 Food] from [Furs] tiles [in this city] <for [The Scythians] Civilizations>",
			"Provides [1] [Decadence] <during the [Imperial Age]>",
		],
		"requiredTech": "Entertainment"
	},
	{
		"name": "Garum Shop",
		"requiredBuilding": "Market",
		"requiredNearbyImprovedResources": ["Fish","Crab"],
		"hurryCostModifier": 25,
 		"cost": 140,
		"maintenance": 1,
		"Food": 1,
		"happiness": 1,
		"uniques": [
		"[+1 Gold] from [Fish] tiles [in this city]","[+2 Gold] from [Crab] tiles [in this city]"
		],
		"requiredTech": "Entertainment"
	},
	{
		"name": "Circus Maximus",
		"requiredBuilding": "Arena",
		"happiness": 4,
		"culture": 2,
		"cost": 1000,
		"isWonder": true,
		"requiredTech": "Entertainment",
		"uniques": [
			"[+1 Gold] from [Village] tiles [in this city]",
			"[+1 Gold] from [Trading post] tiles [in this city]",
			"[+2 Happiness] <after discovering [Aesthetics]>",
			"Provides [1] [Decadence]",
			"Provides [1] [Decadence] <during the [Imperial Age]>",
			"Only available <after adopting [Latin Culture]>",
			"Remove [Arena] [in this city]",
		]
	},
	// Philosophy
	{
		"name": "School",
		"hurryCostModifier": 25,
		"maintenance": 4,
		"happiness": 2,
		"cost": 190,
		"culture": 1,
		"specialistSlots": {"Scholar": 1},
		"uniques": [
			"[+1 Science] per [3] population [in this city]",
			"[+1 Gold] per [10] population [in this city]",
			"[+1 Science] <in cities with a [Scriptorium]>",
			"[+1 Food] <in cities with a [Herbalist]>",
			"Consumes [1] [Decadence] <in cities with a [School]> <during a Golden Age>"
		],
		"requiredTech": "Philosophy"
	},
	{
		"name": "Garden",
		"requiredBuilding": "Aqueduct",
		"hurryCostModifier": 25,
		"maintenance": 1,
		 "cost": 200,
		"happiness": 1,
		"uniques": [
			"[+30]% Great Person generation [in this city]", 
			"Must be next to [Fresh water]"
			"Provides [1] [Decadence]",
],
		"requiredTech": "Philosophy"
	},
	{
		"name": "Scriptorium",
		"requiredBuilding": "School",
		"requiredNearbyImprovedResources": ["Papyrus"],
		"hurryCostModifier": 25,
		"maintenance": 1,
 		"cost": 200,
		"science": 2,
		"specialistSlots": {"Scholar": 1},
		"uniques": [
		"Provides [1] [Scrolls]",
		"[+1 Culture] from [Papyrus] tiles [in this city]"
		],
		"requiredTech": "Philosophy"
	},
	{
		"name": "Parchmentry",
		"requiredBuilding": "School",
		"uniqueTo": "The Pergamenes",
		"replaces": "Scriptorium",
 		"cost": 210,
		"requiredNearbyImprovedResources": ["Sheep","Cattle","Papyrus"],
		"hurryCostModifier": 25,
		"maintenance": 1,
		"science": 3,
		"specialistSlots": {"Scholar": 1},
		"uniques": [
		"Provides [1] [Scrolls]",
		"[+1 Science] per [3] population [in this city]",
		"[+1 Gold] per [10] population [in this city]",
		"[+1 Food] <in cities with a [Herbalist]>",
		"[+1 Culture] from [Sheep] tiles [in this city]",
		"[+1 Culture] from [Cattle] tiles [in this city]",
		"[+1 Culture] from [Papyrus] tiles [in this city]"
		],
		"requiredTech": "Philosophy"
	},
	{
		"name": "The Great Library",
		"science": 4,
		"culture": 2,
		"specialistSlots": {"Scholar": 2},
 		"cost": 1000,
		"isWonder": true,
		"requiredTech": "Philosophy",
		"uniques": ["Consumes [1] [Decadence] <in cities with a [The Great Library]> <while the empire is happy>","Free Technology","Only available <after adopting [Hellenistic Culture]>"],
		"quote": "'Libraries are as the shrine where all the relics of the ancient saints, full of true virtue, and all that without delusion or imposture are preserved and reposed.' - Sir Francis Bacon"
	},
	// Social Reforms
	// Pottery
	{
		"name": "Granary",
		"hurryCostModifier": 25,
		"maintenance": 1,
 		"cost": 80,
		"food": 2,
		"cityHealth": 10,
		"uniques": ["[+1 Food] from [Wheat] tiles [in this city]"],
		"requiredTech": "Pottery"
	},
	{
		"name": "Brick Maker",
		"requiredBuilding": "Ceramics Workshop",
		"hurryCostModifier": 25,
 		"cost": 130,
		"maintenance": 1,
		"uniques": [
		"[+1 Culture] from [Marsh] tiles [in this city]",
		"[+1 Production] from [Oasis] tiles [in this city]",
		"[+1 Production] from [Lakes] tiles [in this city]",
		"[+1 Production] from [Stone] tiles [in this city]",
		"[+1 Culture] from [Village] tiles [in this city]",
		"[+1 Gold] from [Trading post] tiles [in this city]",
		"[+1 Gold] from [Marsh] tiles [in this city]",
		"[+1 Gold] from [Clay] tiles [in this city]",
		"[+10]% Production when constructing [All] buildings [in this city]"
		],
		"requiredTech": "Pottery"
	},
	// Barter
	{
		"name": "Grain Exports",
		"requiredBuilding": "Market",
		"requiredNearbyImprovedResources": ["Wheat"],
		"hurryCostModifier": 25,
		"cost": 160,
		"gold": 1,
		"maintenance": 0,
		"uniques": ["[+1 Gold] from [Wheat] tiles [in this city]"],
		"requiredTech": "Barter"
	},
	{
		"name": "Cattle Trader",
		"requiredNearbyImprovedResources": ["Cattle","Sheep","Camels"],
		"hurryCostModifier": 25,
		"cost": 120,
		"maintenance": 0,
		"percentStatBonus": {"gold": 10},
		"gold": 2,
		"requiredTech": "Barter"
		"uniques": [
		"[+1 Food] from [Furs] tiles [in this city] <for [The Scythians] Civilizations>",
		]
	},
	{
		"name": "Olive Mill",
		"requiredNearbyImprovedResources": ["Olives"],
		"hurryCostModifier": 25,
		"cost": 120,
		"maintenance": 2,
		"uniques": [
		"Provides [1] [Olive Oil]",
		"[+1 Food] from [Olives] tiles [in this city]"
		],
		"requiredTech": "Barter"
	},
	{
		"name": "Ceramics Workshop",
		"requiredNearbyImprovedResources": ["Clay","Stone"],
		"hurryCostModifier": 25,
		"cost": 110,
		"maintenance": 2,
		"uniques": [
		"Provides [1] [Ceramics]",
		"[+1 Gold] <in cities with a [Olive Mill]>",
		],
		"requiredTech": "Barter"
	},
	// Currency
	{
		"name": "Market",
		"hurryCostModifier": 25,
		"gold": 3,
		"cost": 250,
		"happiness": 1,
		"percentStatBonus": {"gold": 5},
		"specialistSlots": {"Merchant": 1},
		"uniques": [
			"Gain [10]-[50] [Gold]",
			"[+2 Gold] <in cities with a [Jeweler]>",
			"[+2 Gold] <in cities with a [Mint]>",
			"[+2 Gold] <in cities with a [Goldsmith]>",
			"[+2 Gold] <in cities with a [Tar Workshop]>",
			"[+1 Gold] from [Trading post] tiles [in this city]",
			"[+1 Gold] from [Village] tiles [in this city]",
			"[+1 Gold] <in cities with a [Cattle Trader]>",
			"[+1 Gold] <in cities with a [Arena]>",
			"[+1 Gold] <in cities with a [Olive Mill]>",
			"[+1 Gold] <in cities with a [Ceramics Workshop]>",
			"[+1 Gold] <in cities with a [Grain Exports]>",
			"[+1 Gold] <in cities with a [Brick Maker]>",
			"[+1 Gold] <in cities with a [Weavery]>",
			"[+1 Food] from [Furs] tiles [in this city] <for [The Scythians] Civilizations>",
			"Provides [1] [Decadence]",
			"Provides [1] [Decadence] <during the [Imperial Age]>",
		],
		"requiredTech": "Currency"
	},
	{
		"name": "Great Market",
		"isNationalWonder": true,
		"requiredBuilding": "Market",
		"hurryCostModifier": 25,
		"gold": 4,
		"cost": 1000,
		"happiness": 1,
		"percentStatBonus": {"gold": 10},
		"specialistSlots": {"Merchant": 1},
		"uniques": [
			"Gain [100]-[300] [Gold]",
			"[+1 Gold] per [8] population [in this city]",
			"[+2 Gold] from [Trading post] tiles [in this city]",
			"[+2 Gold] from [Village] tiles [in this city]",
			"[+2 Gold] <in cities with a [Jeweler]>",
			"[+2 Gold] <in cities with a [Mint]>",
			"[+2 Gold] <in cities with a [Goldsmith]>",
			"[+2 Gold] <in cities with a [Tar Workshop]>",
			"[+1 Gold] <in cities with a [Cattle Trader]>",
			"[+1 Gold] <in cities with a [Arena]>",
			"[+1 Gold] <in cities with a [Olive Mill]>",
			"[+1 Gold] <in cities with a [Ceramics Workshop]>",
			"[+1 Gold] <in cities with a [Grain Exports]>",
			"[+1 Gold] <in cities with a [Brick Maker]>",
			"[+1 Gold] <in cities with a [Weavery]>",
			"Provides [2] [Decadence]",
			"Provides [1] [Decadence] <during the [Imperial Age]>",
			"Remove [Market] [in this city]",
		],
		"requiredTech": "Trade Routes"
	},
	{
		"name": "Silphium Trader",
		"uniqueTo": "The Cyreneans",
		"replaces": "Market",
		"hurryCostModifier": 25,
		"happiness": 1,
		"gold": 3,
		"cost": 270,
		"culture": 1,
		"percentStatBonus": {"gold": 12},
		"specialistSlots": {"Merchant": 1},
		"uniques": [
			"Gain [10]-[100] [Gold]",
			"Provides [1] [Silphium]",
			"Provides [1] [Decadence]",
			"[+2 Gold] <in cities with a [Jeweler]>",
			"[+2 Gold] <in cities with a [Mint]>",
			"[+2 Gold] <in cities with a [Goldsmith]>",
			"[+2 Gold] <in cities with a [Tar Workshop]>",
			"[+1 Gold] from [Trading post] tiles [in this city]",
			"[+1 Gold] from [Village] tiles [in this city]",
			"[+1 Gold] <in cities with a [Cattle Trader]>",
			"[+1 Gold] <in cities with a [Arena]>",
			"[+1 Gold] <in cities with a [Olive Mill]>",
			"[+1 Gold] <in cities with a [Ceramics Workshop]>",
			"[+1 Gold] <in cities with a [Grain Exports]>",
			"[+1 Gold] <in cities with a [Brick Maker]>",
			"Provides [1] [Decadence]",
			"Provides [1] [Decadence] <during the [Imperial Age]>",
			"Never destroyed when the city is captured",
		],
		"requiredTech": "Currency"
	},
	{
		"name": "Mint",
		"requiredBuilding": "Market",
		"happiness": 2,
 		"cost": 300,
		"requiredNearbyImprovedResources": ["Gold Ore","Silver","Copper"],
		"hurryCostModifier": 35,
		"percentStatBonus": {"gold": 5},
		"uniques": [
			"Provides [1] [Decadence]",
			"Consumes [1] [Copper]",
			"[Gold] cost of purchasing items in cities [-10]%",
			"[+3 Gold] from [Gold Ore] tiles [in this city]", 
			"[+2 Gold] from [Silver] tiles [in this city]",
			"[+1 Gold] from [Copper] tiles [in this city]",
			"[+1 Gold] from [Trading post] tiles [in this city]",
			"[+1 Gold] from [Village] tiles [in this city]",
			"[+1 Production] from [Fort] tiles [in this city]",
			"[-1 Food] from [Village] tiles [in this city]",
			"Provides [1] [Decadence]",
			"Provides [1] [Decadence] <during the [Imperial Age]>",
		],
		"requiredTech": "Currency"
	},
	{
		"name": "Mercenary Camp",
		"requiredBuilding": "Muster Field",
		"cost": 110,
		"cityHealth": 20,
		"maintenance": 5,
		"uniques": [
			"Comment [Enables Mercenary Units]",
			"Comment [Provides 1 Mercenary Unit in each culture]",
			"[+2 Gold] from [Trading post] tiles [in this city]",
			"[-1 Happiness] from [Village] tiles [in this city]",
			"Provides [1] [Mercenary (Celtic)]",
			"Provides [1] [Mercenary (Eastern)]",
			"Provides [1] [Mercenary (Germanic)]",
			"Provides [1] [Mercenary (Hellenic)]",
			"Provides [1] [Mercenary (Iberian)]",
			"Provides [1] [Mercenary (Illyrian)]",
			"Provides [1] [Mercenary (Oscan)]",
			"Provides [1] [Mercenary (Numidian)]", 
			"Provides [1] [Mercenary (Thracian)]",
			"Provides [1] [Mercenary (Rhodian)]",
			"Provides [1] [Decadence]",
			"Provides [1] [Decadence] <during the [Imperial Age]>",
			"Limited to [1] per Civilization <before the [Hellenistic Age]>",
			"Limited to [2] per Civilization <during the [Hellenistic Age]>",
			"Limited to [3] per Civilization <during the [Imperial Age]>",
			"Limited to [4] per Civilization <during the [Imperial Age]> <after adopting [Mercenary Reform]>",
			"Destroyed when the city is captured",
		],
		"requiredTech": "Currency"
	},
	// Trade Routes
	{
		"name": "Weavery",
		"requiredNearbyImprovedResources": ["Sheep","Flax","Hemp","Cotton"],
		"hurryCostModifier": 25,
		"cost": 160,
		"maintenance": 1,
		"uniques": [
		"[+1 Gold] from [Sheep] tiles [in this city]",
		"[+1 Gold] from [Flax] tiles [in this city]",
		"[+1 Gold] from [Hemp] tiles [in this city]",
		"[+2 Gold] from [Cotton] tiles [in this city]",
		"[+2 Gold] from [Dyes] tiles [in this city]",
		"[+2 Gold] from [Purple Dye] tiles [in this city]",
		"[+2 Gold] <in cities with a [Silk Road]>",
		"[+1 Happiness] from [Village] tiles [in this city]",
		"[+1 Gold] from [Trading post] tiles [in this city]",
			"Provides [1] [Decadence]",
			"Provides [1] [Decadence] <during the [Imperial Age]>",
		],
		"requiredTech": "Trade Routes"
	},
	{
		"name": "Spice Road",
		"requiredBuilding": "Market",
		"gold": 2,
		"happiness": 1,
		"cost": 270,
		"specialistSlots": {"Merchant": 1},
		"hurryCostModifier": 25,
		"uniques": [
		"Provides [1] [Spices]",
		"Must be on [Desert]",
		"Only available <after adopting [Eastern Culture]>",
		"[+2 Gold] from [Trading post] tiles [in this city]",
		"[+1 Happiness] from [Village] tiles [in this city]",
			"Provides [1] [Decadence]",
			"Provides [1] [Decadence] <during the [Imperial Age]>",
		"Never destroyed when the city is captured",
		],
		"requiredTech": "Trade Routes"
	},
	{
		"name": "Silk Road",
		"requiredBuilding": "Market",
		"hurryCostModifier": 35,
		"happiness": 1,
		"gold": 3,
		"cost": 270,
		"specialistSlots": {"Merchant": 1},
		"uniques": [
		"Provides [1] [Silk]",
		"Must not be on [Desert]",
		"Only available <after adopting [Eastern Culture]>",
		"Never destroyed when the city is captured",
		"[+3 Gold] from [Trading post] tiles [in this city]",
		"[+1 Culture] from [Village] tiles [in this city]",
			"Provides [1] [Decadence]",
			"Provides [1] [Decadence] <during the [Imperial Age]>",
		],
		"requiredTech": "Trade Routes"
	},
	{
		"name": "Amber Road",
		"hurryCostModifier": 25,
		"happiness": 2,
		"gold": 2,
		"cost": 200,
		"specialistSlots": {"Merchant": 1},
		"uniques": [
		"Provides [1] [Amber]",
		"Only available <after adopting [Germanic Culture]>",
		"Never destroyed when the city is captured",
		"[+2 Gold] from [Trading post] tiles [in this city]",
		"[+1 Gold] from [Village] tiles [in this city]",
			"Provides [1] [Decadence]",
			"Provides [1] [Decadence] <during the [Imperial Age]>",
		],
		"requiredTech": "Trade Routes"
	},
	// Tax Farming
	{
		"name": "National Treasury",
		"requiredBuilding": "Mint",
		"gold": 10,
		"happiness": 2,
		"culture": 1,
		"isNationalWonder": true,
		"specialistSlots": {"Merchant": 2},
		"cost": 1000,
		"uniques": [
		"Provides 1 extra copy of each improved luxury resource near this City",
		"Provides [2] [Decadence]",
		"[+1 Gold] <in cities with a [Market]>",
		"Doubles Gold given to enemy if city is captured"
		"Destroyed when the city is captured",
		"[+1 Gold] from [Trading post] tiles [in this city]",
		"[+1 Gold] from [Fort] tiles [in this city]",
		"[+1 Happiness] from [Village] tiles [in this city]",
			"Provides [2] [Decadence]",
			"Provides [1] [Decadence] <during the [Imperial Age]>",
		],
		"requiredTech": "Tax Farming"
	},
	// Private Estates
	{
		"name": "Slave Trader",
		"quote": "Diogenes was captured by pirates and sold to slavery. When the slave auctioneer asked in what he was proficient, he replied, 'In ruling people.'",
		"gold": 5,
 		"cost": 300,
		"percentStatBonus": {"gold": 25},
		"specialistSlots": {"Merchant": 1},
		"uniques": [
		"Provides [3] [Decadence]",
		"Consumes [3] [Manpower]",
		"[Gold] cost of purchasing [Civilian] units [-30]%","Limited to [1] per Civilization"
		"Unbuildable <after adopting [Slave Liberation]>",
		"Destroyed when the city is captured",
		"[+3 Gold] from [Trading post] tiles [in this city]",
		"[-2 Happiness] from [Village] tiles [in this city]",
		],
		"requiredTech": "Private Estates"
	},
	{
		"name": "Noble District",
		"hurryCostModifier": 25,
		"maintenance": 4,
		"happiness": 4,
		"cityHealth": 50,
 		"cost": 300,
		"specialistSlots": {"Courtesan": 1},
		"uniques": [
		"Provides [2] [Decadence]",
		"[+1 Happiness] from [Marble] tiles [in this city]","[+1 Happiness] from [Gold Ore] tiles [in this city]","[+1 Happiness] from [Purple Dye] tiles [in this city]",
		"[-8 Happiness] <after adopting [Seal of Heaven]>",
		"[+5 Culture] <after adopting [Seal of Heaven]>",
		"[+4 Gold] <after adopting [Seal of Heaven]>",
		"Unbuildable <after adopting [Seal of Heaven]>",
		"[+2 Gold, +1 Food] from [Trading post] tiles [in this city]",
		"[-1 Happiness, +1 Food] from [Village] tiles [in this city]",
		"[-1 Food] from [Fort] tiles [in this city]",
		],
		"requiredTech": "Private Estates"
	},
	// Aesthetics
	{
		"name": "Grand Temple",
		"requiredBuilding": "Temple",
		"culture": 3,
		"faith": 8,
		"happiness": 2,
		"cost": 1000,
		"specialistSlots": {"Priest": 3},
		"uniques": [
		"Consumes [2] [Decadence]",
		"[+2 Production] <after adopting [Seal of Heaven]>",
		"[+1 Gold] <after adopting [Seal of Heaven]>",
		"[+100]% Natural religion spread [in this city]", "Only available <when religion is enabled>",
		"[+1 Gold, -1 Production] from [Trading post] tiles [in this city]",
		"[+1 Happiness, +1 Food, +1 Faith] from [Village] tiles [in this city]",
		"Destroyed when the city is captured",
		],
		"requiredTech": "Aesthetics",
		"isNationalWonder": true
	},
	// Animal Husbandry
	{
		"name": "Nomadic Herd",
		"hurryCostModifier": 25,
		"maintenance": 0,
 		"cost": 80,
		"food": 2,
		"uniques": [
		"New [Mounted Archery] units start with [10] XP [in this city]",
		"[+20]% Production when constructing [Mounted Archery] units [in this city]",
		"Provides [1] [Manpower] <while the empire is happy>",
		"Provides [1] [Horses]",
		"[+2 Gold] from [Trading post] tiles [in this city]",
		"[-1 Food] from [Village] tiles [in this city]",
		"[+1 Food] from [Plains] tiles [in this city]",
		"[+1 Happiness, -1 Food, +1 Production] from [Fort] tiles [in this city]",
		"[+1 Food] from [Camp] tiles [in this city] <for [The Scythians] Civilizations> <before the [Imperial Age]>",
		"[+1 Food] from [Pasture] tiles [in this city] <for [The Scythians] Civilizations> <before the [Imperial Age]>",
		"Only available <after adopting [Eastern Culture]>",
		"Never destroyed when the city is captured",
		"Must not be on [Desert]",
		],
		"requiredTech": "Animal Husbandry"
	},
	// The Wheel
	{
		"name": "Water Mill",
 		"cost": 130,
		"hurryCostModifier": 25,
		"maintenance": 2,
		"happiness": 1,
		"food": 2,
		"production": 1,
		"uniques": ["Must be on [River]",
			"[+1 Food] from [Village] tiles [in this city]"],
		"requiredTech": "The Wheel",
	},
	// Riding
	{
		"name": "Stable",
		"requiredNearbyImprovedResources": ["Horses"],
		"hurryCostModifier": 35,
		"cost": 150,
		"maintenance": 2,
		"cityHealth": 20,
		"uniques": [
		"[+10]% Production when constructing [Mounted] units [in this city]",
		"[+1 Production] from [Horses] tiles [in this city]",
		"[+1 Gold] from [Trading post] tiles [in this city]",
		"[+1 Culture] from [Fort] tiles [in this city]",
		"[+1 Food] from [Village] tiles [in this city]",
		"[+1 Food] from [Horses] tiles [in this city] <for [The Scythians] Civilizations>",
		],
		"requiredTech": "Riding"
	},
	{
		"name": "Elephant Trainer",
		"requiredBuilding": "Stable",
		"requiredNearbyImprovedResources": ["Ivory"],
		"hurryCostModifier": 35,
		"maintenance": 3,
		 "cost": 250,
		"uniques": [
		"Comment [Has cultural requirements]",
		"Only available <with [Enable War Elephant]> <hidden from users>",
		"New [Elephant] units start with [10] XP [in this city]",
		"Provides [1] [Elephants]",
		"[+1 Production] from [Ivory] tiles [in this city]",
		"[+2 Gold] from [Trading post] tiles [in this city]",
		"[+1 Culture] from [Fort] tiles [in this city]",
		"[+1 Happiness] from [Village] tiles [in this city]",
		],
		"requiredTech": "Riding"
	},
	// Equestrian Class
	{
		"name": "Cavalry Barracks",
		"requiredNearbyImprovedResources": ["Horses"],
		"requiredBuilding": "Stable",
		"hurryCostModifier": 35,
 		"cost": 500,
		"happiness": 1,
		"maintenance": 4,
		"cityHealth": 50,
		"uniques": [
		"Only available <in cities without a [Army Barracks]>",
		"Only available <in cities without a [Skirmisher Barracks]>",
		"New [Horseman] units start with [10] XP [in this city]",
		"New [Cavalry] units start with [5] XP [in this city]",
		"[+1 Production] from [Fort] tiles [in this city]",
		"[+1 Happiness] from [Village] tiles [in this city]",
		"Provides [1] [Veteran] <in cities with at least [20] [Population]>",
			"Provides [1] [Decadence]",
			"Provides [1] [Decadence] <during the [Imperial Age]>",
		"Destroyed when the city is captured",
		],
		"requiredTech": "Equestrian Class"
	},
	// Land Grants
	{
		"name": "Colony",
		"hurryCostModifier": 25,
		"maintenance": 1,
		"cityHealth": 15,
 		"cost": 220,
		"culture": 1,
		"uniques": [
		"Provides [1] [Manpower]",
		"Comment [Reduces the Production and Food penalty in Cities with a Courthouse]",
		"Can only be built <in [Annexed] cities> <before adopting [Hellenistic Culture]>"
		"New [Spearman] units start with [5] XP [in this city]",
		"Destroyed when the city is captured",
		"[+2 Food] [in this city] <for [The Scythians] Civilizations>",
		"[+1 Gold] from [Trading post] tiles [in this city]",
		"[-1 Food, +1 Production] from [Fort] tiles [in this city]",
		"[-1 Food, +1 Gold] from [Village] tiles [in this city]",
		],
		"requiredTech": "Land Grants"
	},
	// Public Works
	{
		"name": "Aqueduct",
		"requiredBuilding": "Brick Maker",
 		"cost": 300,
		"cityHealth": 20,
		"hurryCostModifier": 25,
		"maintenance": 3,
		"happiness": 1,
		"uniques": [
		"Comment [+1 Food from non-fresh water Farm tiles in this city]",
		"[30]% Food is carried over after population increases [in this city]",
		"[+1 Food, +1 Happiness] from [Village] tiles [in this city]",
		"[+1 Culture] from [Fort] tiles [in this city]",
		],
		"requiredTech": "Public Works"
	},
	// Supply Logistics
	{
		"name": "Rotary Mill",
		"requiredBuilding": "Aqueduct",
		"hurryCostModifier": 25,
 		"cost": 220,
		"maintenance": 1,
		"happiness": 1,
		"food": 2,
		"uniques": [
		"[+1 Food] from [Wheat] tiles [in this city]",
		"[+1 Food] from [Village] tiles [in this city]",
		],
		"requiredTech": "Supply Logistics"
	},
	// Citizen Levy
	{
		"name": "Barracks",
		"requiredBuilding": "Muster Field",
		"hurryCostModifier": 25,
		"maintenance": 2,
 		"cost": 200,
		"happiness": 1,
		"cityHealth": 40,
		"uniques": [
			"Provides [1] [Decadence] <during the [Imperial Age]>",
			"Provides [2] [Manpower]",
			"Provides [1] [Manpower] <during the [Imperial Age]>",
			"[+10]% Production when constructing [Spear] units [in this city] <in cities with a [Bronze Works]>",
			"Destroyed when the city is captured"
			"[+100]% weight to this choice for AI decisions",
		],
		"requiredTech": "Citizen Levy"
	},
	{
		"name": "Syssition",
		"replaces": "Barracks",
 		"cost": 250,
		"uniqueTo": "The Spartans",
		"hurryCostModifier": 25,
		"maintenance": 1,
		"cityHealth": 40,
		"uniques": [
		"Provides [2] [Manpower]",
		"Provides [1] [Manpower] <during the [Imperial Age]>",
		"Consumes [1] [Decadence] <in cities with a [Syssition]>",
		"New [Spear] units start with [10] XP [in this city]",
		"[+10]% Production when constructing [Spear] units [in this city] <in cities with a [Bronze Works]>",
		"Destroyed when the city is captured"
		],
		"requiredTech": "Citizen Levy"
	},
	{
		"name": "Citizen Assembly",
		"hurryCostModifier": 25,
 		"cost": 200,
		"maintenance": 2,
		"happiness": 2,
		"culture": 2,
		"specialistSlots": {"Magistrate": 1},
		"uniques": [
		"Consumes [2] [Decadence] <in cities with a [Citizen Assembly]> <while the empire is happy>",
		"[+1 Happiness] from [Village] tiles [in this city]",
		],
		"requiredTech": "Citizen Levy"
	},
	// Infantry Training
	{
		"name": "Army Barracks",
		"requiredBuilding": "Barracks",
		"hurryCostModifier": 50,
		"maintenance": 7,
		"cityHealth": 50,
		"Cost": 500,
		"uniques": [
			"Provides [1] [Veteran] <in cities with at least [20] [Population]>",
			"Provides [1] [Decadence]",
			"Provides [1] [Decadence] <during the [Imperial Age]>",
			"[+20]% Production when constructing [Sword] units [in this city] <in cities with a [Forge]>",
			"[+10]% Production when constructing [General] units [in this city] <in cities with a [Forge]>",
			"New [Spearman] units start with [5] XP [in this city]",
			"New [Scout] units start with [5] XP [in this city]",
			"New [Sword] units start with [5] XP [in this city]",
			"[+1 Production] from [Fort] tiles [in this city]",
			"[-1 Food, +1 Happiness] from [Village] tiles [in this city]",
			"Only available <in cities without a [Cavalry Barracks]>",
			"Only available <in cities without a [Skirmisher Barracks]>",
			"Destroyed when the city is captured",
		],
		"requiredTech": "Infantry Training"
	},
	// Heavy Infantry
	{
		"name": "Thracian Weaponsmith",
		"Cost":1000,
		"isNationalWonder": true,
		"hurryCostModifier": 25,
		"production": 3,
		"culture": 3,
		"uniques": [
		"Consumes [1] [Decadence] <in cities with a [Thracian Weaponsmith]>",
                "[Sword] units gain the [Improved Armor] promotion",
		"Only available <after adopting [Thracian Culture]>"
		],
		"requiredTech": "Heavy Infantry"
	},
	// Metallurgy
	{
		"name": "Forge",
		"Cost":1000,
		"isNationalWonder": true,
		"hurryCostModifier": 35,
		"maintenance": 3,
		"production": 2,
		"requiredTech": "Metallurgy",
		"specialistSlots": {"Engineer": 1},
		"uniques": [ 
  			"[Military] units gain the [Improved Equipment] promotion",
  			"All newly-trained [Military] units [in all cities] receive the [Improved Equipment] promotion",
			"[+1 Production] from [Iron] tiles [in this city]",
			"Destroyed when the city is captured"
		]
	},
	{
		"name": "Jeweler",
		"requiredNearbyImprovedResources": ["Gold Ore","Silver","Gems","Pearls","Amber"],
		"hurryCostModifier": 25,
 		"cost":320,
		"uniques": [
			"Provides [1] [Decadence]",
			"Provides [1] [Decadence] <during the [Imperial Age]>",
		"Provides [1] [Jewelry]","Provides [1] [Decadence]",	
		"[+3 Gold] from [Gems] tiles [in this city]",
		"[+3 Gold] from [Pearls] tiles [in this city]",
		"[+2 Gold] from [Trading post] tiles [in this city]",	
		"[+2 Gold] from [Gold Ore] tiles [in this city]",
		"[+1 Gold] from [Silver] tiles [in this city]",
		"[-1 Production, +1 Happiness] from [Village] tiles [in this city]",
		],
		"requiredTech": "Metallurgy"
		
	},
	{
		"name": "Goldsmith",
		"requiredNearbyImprovedResources": ["Gold Ore"],
		"replaces": "Jeweler",
		"uniqueTo": "The Arverni",
		 "cost": 300,
		"hurryCostModifier": 25,
		"happiness": 2,
		"culture": 1,
		"gold": 6,
		"uniques": [
			"Provides [1] [Decadence]",
			"Provides [1] [Decadence] <during the [Imperial Age]>",
		"[+3 Gold] from [Gold Ore] tiles [in this city]",
		"[+3 Gold] from [Gems] tiles [in this city]",
		"[+3 Gold] from [Trading post] tiles [in this city]",
		"[+2 Gold] from [Silver] tiles [in this city]",
		"[-1 Production, +1 Happiness] from [Village] tiles [in this city]",
		],
		"requiredTech": "Metallurgy"
	},
	// Military Reforms
	// Mining
	// Bronze Working
	{
		"name": "Bronze Works",
		"hurryCostModifier": 25,
		"maintenance": 1,
		"production": 1,
 		"cost": 80,
		"uniques": [
		"Provides [3] [Bronze]",
		"Consumes [2] [Copper]",
		"[+2 Gold] from [Tin] tiles [in this city]",
		"[+1 Gold] from [Copper] tiles [in this city]",
		"[+1 Gold] from [Trading post] tiles [in this city]",
		"[+1 Production] from [Village] tiles [in this city]",
		"Destroyed when the city is captured",
		],
		"requiredTech": "Bronze Working"
	},
	// Masonry
	{
		"name": "Walls",
		"requiredBuilding": "Palisade",
		"hurryCostModifier": 35,
		"happiness": 1,
		"cityStrength": 12,
		"cityHealth": 100,
		"cost": 150,
		"uniques": [
		"Consumes [1] [Manpower]",
		"[+1 Gold] from [Trading post] tiles [in this city]",
		"[-1 Food, +1 Happiness] from [Village] tiles [in this city]",
		"Destroyed when the city is captured",
		],
		"requiredTech": "Masonry",
	},
	{
		"name": "Oppidum",
		"replaces": "Walls",
		"uniqueTo": "The Boii",
		"hurryCostModifier": 35,
 "cost": 160,
		"maintenance": 0,
		"happiness": 1,
		"production": 1,
		"cityStrength": 15,
		"cityHealth": 120,
		"uniques": [
		"Consumes [1] [Manpower]",
		"[+1 Gold] from [Trading post] tiles [in this city]",
		"[-1 Food, +1 Happiness] from [Village] tiles [in this city]",
		"Destroyed when the city is captured",
		],
		"requiredTech": "Masonry",
	},
	{
		"name": "Stone Works",
		"hurryCostModifier": 0,
		"maintenance": 1,
 "cost": 100,
		"requiredNearbyImprovedResources": ["Marble", "Stone"],
		"uniques": [
			"[+10]% Production when constructing [All] buildings [in this city]",
			"[+1 Happiness] from [Marble] tiles [in this city]",
			"[+1 Gold] from [Trading post] tiles [in this city]",
			"[+1 Production] from [Village] tiles [in this city]",
		],
		"requiredTech": "Masonry"
	},
	{
		"name": "Hill Fort",
		"hurryCostModifier": 25,
		"maintenance": 0,
		"happiness": 1,
 "cost": 150,
		"gold": 1,
		"cityHealth": 50,
		"cityStrength": 5,
		"uniques": [
		"Consumes [1] [Manpower]",
		"Must be on [Hill]",
		"Destroyed when the city is captured",
		"[+1 Gold] from [Trading post] tiles [in this city]",
		"[+1 Production] from [Village] tiles [in this city]",
		"[-1 Food] from [Fort] tiles [in this city]",
		],
		"requiredTech": "Masonry"
	},
	// Construction
	{
		"name": "Sculptor",
		"requiredBuilding": "Stone Works",
		"requiredNearbyImprovedResources": ["Marble", "Ivory"],
		"hurryCostModifier": 25,
		"maintenance": 0,
 "cost": 150,
		"culture": 1,
		"gold": 3,
		"specialistSlots": {"Artist": 1},
		"uniques": [
		"Provides [1] [Decadence]",
		"[+1 Happiness] from [Marble] tiles [in this city]","[+1 Happiness] from [Ivory] tiles [in this city]",
		"[+1 Gold] from [Trading post] tiles [in this city]",
		"[+1 Culture] from [Village] tiles [in this city]",
		],
		"requiredTech": "Construction"
	},
	{
		"name": "Warrior Statue",
		"replaces": "Sculptor",
		"uniqueTo": "The Celtiberians",
		"hurryCostModifier": 25,
 "cost": 160,
		"maintenance": 0,
		"culture": 1,
		"happiness": 1,
		"cityHealth": 20,
		"uniques": [
		"Provides [1] [Manpower]",
		"[+2 Gold] from [Trading post] tiles [in this city]",
		"[+1 Happiness] from [Village] tiles [in this city]",
		],
		"requiredTech": "Construction"
	},
	{
		"name": "Mausoleum",
		"requiredBuilding": "Temple",
		"requiredNearbyImprovedResources": ["Marble","Stone"],
		"hurryCostModifier": 25,
 "cost": 330,
		"maintenance": 1,
		"happiness": 2,
		"culture": 2,
		"uniques": [
		"Provides [1] [Decadence]",
		"[+1 Culture] from [Marble] tiles [in this city]",
		"[+1 Gold] from [Trading post] tiles [in this city]",
		"[+1 Gold] from [Fort] tiles [in this city]",
		"[-1 Food, +1 Culture] from [Village] tiles [in this city]",
		"Doubles Gold given to enemy if city is captured",
		],
		"requiredTech": "Construction"
	},
	{
		"name": "Kurgan",
		"replaces": "Mausoleum",
		"uniqueTo": "The Scythians",
 "cost": 280,
		"hurryCostModifier": 25,
		"maintenance": 0,
		"happiness": 2,
		"culture": 2,
		"food": 1,
		"uniques": [
		"[+1 Culture] from [Marble] tiles [in this city]",
		"[+1 Gold] from [Trading post] tiles [in this city]",
		"[+1 Gold] from [Fort] tiles [in this city]",
		"[+1 Culture] from [Village] tiles [in this city]",
		"Doubles Gold given to enemy if city is captured",
		],
		"requiredTech": "Construction"
	},
	// Mass Production
	{
		"name": "Ironworks",
		"requiredNearbyImprovedResources": ["Iron"],
		"production": 10,
		"culture": 1,
 "cost": 1000,
		"specialistSlots": {"Engineer": 2},
		"isNationalWonder": true,
		"uniques": [
			"[+1 Production] from [Iron] tiles [in this city]"
			"Destroyed when the city is captured"
			"Provides [1] [Decadence]",
			"[+1 Culture] from [Iron] tiles [in this city]",
			"[+2 Gold] from [Trading post] tiles [in this city]",
			"[+1 Food] from [Village] tiles [in this city]",
			"[+1 Production] from [Fort] tiles [in this city]",
		],
		"requiredTech": "Mass Production"
	},
	// Forestry
	{
		"name": "Hunting Lodge",
		"requiredNearbyImprovedResources": ["Deer","Furs"],
		"hurryCostModifier": 25,
		"cost": 70,
		"maintenance": 0,
		"uniques": [
			"New [Archery] units start with [5] XP [in this city]",
			"[+5]% Production when constructing [Archery Range] buildings [in this city]",
			"[+1 Food] from [Deer] tiles [in this city]",
			"[+2 Gold] from [Furs] tiles [in this city]",
			"[+2 Food] from [Deer] tiles [in this city] <for [The Scythians] Civilizations>",
			"[+1 Food] [in this city] <for [The Scythians] Civilizations> <before the [Imperial Age]>",
			"[+1 Gold] from [Trading post] tiles [in this city]",
			"[+1 Food] from [Village] tiles [in this city]",
		],
		"requiredTech": "Forestry"
	},
	// Archery
	{
		"name": "Archery Range",
		"hurryCostModifier": 25,
		"maintenance": 1,
 "cost": 120,
		"cityStrength": 2,
		"cityHealth": 15,
		"uniques": [
		"Provides [1] [Manpower]",
		"Comment [Training: Archer, Slinger]",
		],
		"requiredTech": "Archery"
	},
	// Engineering
	{
		"name": "Workshop",
		"requiredBuilding": "Coal Pile",
		"maintenance": 1,
		"production": 2,
 "cost": 200,
		"specialistSlots": {"Engineer": 1},
		"hurryCostModifier": 25,
		"percentStatBonus": {"production": 5},
		"uniques": [
			"[+1 Production] from [Timber] tiles [in this city]"
			"[+1 Gold] from [Trading post] tiles [in this city]",
			"[+1 Gold] from [Village] tiles [in this city]",
		],
		"requiredTech": "Engineering"
	},
	{
		"name": "Skirmisher Barracks",
		"requiredBuilding": "Archery Range",
		"hurryCostModifier": 25,
		"maintenance": 3,
		"cityStrength": 2,
 "cost": 500,
		"cityHealth": 50,
		"uniques": [
			"Provides [1] [Decadence]",
			"Provides [1] [Decadence] <during the [Imperial Age]>",
			"Provides [1] [Manpower]",
			"Provides [1] [Veteran] <in cities with at least [20] [Population]>",
			"New [Archery] units start with [5] XP [in this city]",
			"New [Scout] units start with [10] XP [in this city]",
			"New [Spearman] units start with [5] XP [in this city]",
			"New [Mounted Archery] units start with [5] XP [in this city] <after discovering [Heavy Archery Tactics]>",
			"[+1 Gold] from [Trading post] tiles [in this city]",
			"[-1 Food, +1 Happiness] from [Village] tiles [in this city]",
			"Only available <in cities without a [Cavalry Barracks]>",
			"Only available <in cities without a [Army Barracks]>",
			"Destroyed when the city is captured"
		],
		"requiredTech": "Engineering"
	},
	// Torsion Engines
	{
		"name": "Wall Towers",
		"requiredBuilding": "Walls",
		"maintenance": 5,
		"cityStrength": 10,
		"cityHealth": 150,
		"happiness": 1,
		"hurryCostModifier": 40,
		"Cost": 800,
		"uniques": [
		"Consumes [1] [Manpower]",
			"[+1 Happiness] from [Village] tiles [in this city]",
			"[+1 Gold] from [Trading post] tiles [in this city]",
		],
		"requiredTech": "Torsion Engines",
	},
	// Fishing
	{
		"name": "Anchorage",
		"hurryCostModifier": 25,
		"maintenance": 0,
		"food": 1,
		"gold": 2,
		"culture": 1,
 "cost": 100,
		"cityHealth": 20,
		"uniques": [
		"Only available <in cities without a [Harbor]> <hidden from users>","Only available <in cities without a [Great Harbor]> <hidden from users>",
		"Requires at least [2] population",
		"Must be next to [Coast]",
			"[+1 Gold] from [Trading post] tiles [in this city]",
		],
		"requiredTech": "Fishing"
	},
	{
		"name": "Freshwater Fishery",
		"hurryCostModifier": 25,
		"cost": 60,
		"maintenance": 0,
		"food": 1,
		"cityHealth": 15,
		"uniques": [
			"Must be next to [Fresh water]",
			"[+1 Gold] from [Trading post] tiles [in this city]",
],
		"requiredTech": "Fishing"
	},
	// Woodworking
	{
		"name": "Coal Pile",
		"requiredNearbyImprovedResources": ["Timber"],
		"hurryCostModifier": 35,
		"maintenance": 0,
		"production": 2,
 "cost": 130,
		"uniques": [
			"[+1 Production] from [Timber] tiles [in this city]",
			"[+1 Production] from [Olives] tiles [in this city]",
			"[+5]% [Production] <in this city> <in cities with a [Bronze Works]>",
			"[+5]% [Production] <in this city> <in cities with a [Forge]>",
			"[+5]% [Production] <in this city> <in cities with a [Ironworks]>",
			"[+1 Gold] from [Trading post] tiles [in this city]",
			"[+1 Production] from [Village] tiles [in this city]",
		],
		"requiredTech": "Woodworking"
	},
	// Shipbuilding
	{
		"name": "Harbor",
		"requiredBuilding": "Anchorage",
		"hurryCostModifier": 25,
		"maintenance": 1,
		"food": 1,
		"production": 1,
		"culture": 2,
		"cityHealth": 20,
		 "cost": 250,
		"specialistSlots": {"Merchant": 1},
		"uniques": [
			"Consumes [1] [Manpower]",
			"[+1 Gold] <in cities with a [Market]>",
			"[+1 Gold] <in cities with a [Garum Shop]>",
			"[+2 Gold] from [Trading post] tiles [in this city]",
			"[+1 Food] from [Village] tiles [in this city]",
			"[+1 Gold] from [Water resource] tiles [in this city]",
			"Connects trade routes over water",
			"Requires at least [8] population",
			"Must be next to [Coast]",
			"Remove [Anchorage] [in this city]",
			"Only available <in cities without a [Great Harbor]> <hidden from users>",
		],
		"requiredTech": "Shipbuilding"
	},
	{
		"name": "Drydock",
		"hurryCostModifier": 25,
		"maintenance": 3,
 "cost": 200,
		"uniques": [
			"All newly-trained [Water] units [in this city] receive the [Supply] promotion <in cities with a [Tar Workshop]>",
			"[Water] Units adjacent to this city heal [20] HP per turn when healing",
			"[+5]% Production when constructing [Water] units [in this city] <in cities with a [Weavery]>",
			"[+1 Gold] from [Trading post] tiles [in this city]",
			"[-1 Food] from [Village] tiles [in this city]",
			"Consumes [1] [Manpower]",
			"Must be next to [Coast]"
		],
		"requiredTech": "Shipbuilding"
	},
	{
		"name": "Cothon",
		"requiredBuilding": "Anchorage",
		"replaces": "Drydock",
		"uniqueTo": "The Carthaginians",
		"hurryCostModifier": 25,
		"maintenance": 2,
		"cityHealth": 20,
		"science": 1,
		"happiness": 2,
 "cost": 190,
		"uniques": [
			"New [{Military} {Water}] units start with [15] XP [in this city]",
			"[Water] Units adjacent to this city heal [25] HP per turn when healing",
			"All newly-trained [Water] units [in this city] receive the [Supply] promotion <in cities with a [Tar Workshop]>",
			"[+10]% Production when constructing [Water] units [in this city] <in cities with a [Weavery]>",
			"Must be next to [Coast]",
			"[+1 Gold] from [Trading post] tiles [in this city]",
		],
		"requiredTech": "Shipbuilding"
	},
	// Optics
	{
		"name": "Tar Workshop",
		"hurryCostModifier": 25,
		"maintenance": 1,
		"production": 1,
		"cityStrength": 2,
 "cost": 140,
		"requiredNearbyImprovedResources": ["Tar"],
		"uniques": [
			"[+1 Gold] from [Tar] tiles [in this city]",
		],
		"requiredTech": "Optics"
	},
	{
		"name": "Glazier",
		"hurryCostModifier": 25,
		"maintenance": 0,
 "cost": 150,
		"uniques": [
		"Provides [1] [Glass]",
		"[+1 Production] from [Desert] tiles [in this city]",
		"Must be next to [Coast]"
		],
		"requiredTech": "Optics"
	},
	{
		"name": "Lighthouse",
		"hurryCostModifier": 25,
 "cost": 150,
		"maintenance": 1,
		"uniques": ["Must be next to [Coast]","[+1 Food] from [Ocean] tiles [in this city]",
			"[+1 Food] from [Coast] tiles [in this city]", "[+1 Food] from [Fish] tiles [in this city]"],
		"requiredTech": "Optics"
	},
	// Navigation
	// Naval Artillery
	{
		"name": "Great Harbor",
		"requiredBuilding": "Harbor",
		"hurryCostModifier": 25,
		"maintenance": 4,
		"food": 3,
		"production": 2,
		"culture": 3,
		"cityHealth": 35,
 "cost": 650,
		"specialistSlots": {"Merchant": 2},
		"uniques": [
			"Connects trade routes over water",
			"[+1 Gold] <in cities with a [Market]>",
			"[+1 Gold] <in cities with a [Garum Shop]>",
			"[+1 Gold] from [Water resource] tiles [in this city]",
			"[+2 Gold] from [Trading post] tiles [in this city]",
			"[+1 Production] from [Village] tiles [in this city]",
			"Consumes [1] [Manpower]",
			"Provides [1] [Decadence]",
			"Provides [1] [Decadence] <during the [Imperial Age]>",
			"Requires at least [15] population",
			"Must be next to [Coast]",
			"Remove [Harbor] [in this city]",
		],
		"requiredTech": "Naval Artillery"
	},
	// Strategic Imports
	{
		"name": "Food Imports",
		"requiredBuilding": "Market",
		"specialistSlots": {"Merchant": 1},
		"hurryCostModifier": 25,
		"maintenance": 10,
 "cost": 250,
		"uniques": [
		"[+1 Food] [in all cities]",
		"Can only be built <in [Capital] cities>",
		"Limited to [1] per Civilization",
		"Destroyed when the city is captured",
		"Comment [-Nation wide food imports come with high upkeep]",
		],
		"requiredTech": "Currency"
	},
	{
		"name": "Horse Imports",
		"requiredBuilding": "Market",
		"specialistSlots": {"Merchant": 1},
		"hurryCostModifier": 25,
		"maintenance": 2,
 "cost": 250,
		"uniques": [
		"Provides [4] [Horses]",
		"[+5]% Production when constructing [Mounted] units [in all cities]",
		"Can only be built <in [Capital] cities>",
		"Limited to [1] per Civilization",
		"Destroyed when the city is captured",
		],
		"requiredTech": "The Wheel"
	},
	{
		"name": "Copper Imports",
		"specialistSlots": {"Merchant": 1},
		"requiredBuilding": "Market",
		"hurryCostModifier": 25,
		"maintenance": 2,
 "cost": 160,
		"uniques": [
			"Provides [4] [Copper]",
			"[+25]% Production when constructing [Bronze Works] buildings [in all cities]",
			"Can only be built <in [Capital] cities>",
			"Limited to [1] per Civilization",
			"Destroyed when the city is captured",
		],
		"requiredTech": "Bronze Working"
	},
	{
		"name": "Bronze Imports",
		"specialistSlots": {"Engineer": 1},
		"requiredBuilding": "Market",
		"hurryCostModifier": 35,
		"maintenance": 3,
 "cost": 190,
		"uniques": [
		"Provides [2] [Bronze]",
		"[+5]% Production when constructing [Spear] units [in all cities]",
		"Can only be built <in [Capital] cities>",
		"Limited to [1] per Civilization",
		"Destroyed when the city is captured",
		],
		"requiredTech": "Citizen Levy"
	},
	{
		"name": "Iron Imports",
		"specialistSlots": {"Engineer": 1},
		"requiredBuilding": "Market",
		"hurryCostModifier": 35,
		"maintenance": 4,
 "cost": 300,
		"uniques": [
		"Provides [2] [Iron]",
		"[+5]% Production when constructing [Sword] units [in all cities]",
		"Can only be built <in [Capital] cities>",
		"Limited to [1] per Civilization",
		"Destroyed when the city is captured",
		],
		"requiredTech": "Heavy Infantry"
	},
	{
		"name": "Timber Imports",
		"specialistSlots": {"Engineer": 1},
		"requiredBuilding": "Market",
		"hurryCostModifier": 35,
		"maintenance": 2,
 "cost": 190,
		"uniques": [
		"Provides [3] [Timber]",
		"[+5]% Production when constructing [Water] units [in all cities]",
		"Can only be built <in [Capital] cities>",
		"Limited to [1] per Civilization",
		"Destroyed when the city is captured",
		],
		"requiredTech": "Woodworking"
	},
	{
		"name": "Elephant Imports",
		"specialistSlots": {"Magistrate": 1},
		"requiredBuilding": "Market",
		"hurryCostModifier": 35,
		"maintenance": 5,
 "cost": 220,
		"uniques": [
		"Provides [2] [Elephants]",
		"[+10]% Production when constructing [Elephant] units [in all cities]",
		"Can only be built <in [Capital] cities>",
		"Comment [Has cultural requirements]","Only available <with [Enable War Elephant]> <hidden from users>",
		"Limited to [1] per Civilization",
		"Destroyed when the city is captured",
		],
		"requiredTech": "Equestrian Class"
	},
	// All Eras

	{
		"name": "Utopia Project",
		"cost": 1500,
		"isNationalWonder": true,
		"uniques": ["Unavailable <when number of [Completed Policy branches] is less than [5]>", "Triggers a global alert upon build start",
			"Triggers a Cultural Victory upon completion", "Only available <when [Cultural] Victory is enabled>", "Cannot be hurried"]
	},

	{
		"name": "The Oracle of Amun",
		"uniqueTo": "The Libyans",
		"cost": 185,
		"culture": 3,
		"greatPersonPoints": {"Great Prophet": 1},
		"isWonder": true,
		"uniques": ["[+1 Happiness] from [Oasis] tiles [in this city]"],
		"quote": "'The ancient Oracle said that I was the wisest of all the Greeks. It is because I alone, of all the Greeks, know that I know nothing' - Socrates"
	},
	{
		"name": "The Oracle of Dodona",
		"uniqueTo": "The Epirots",
		"cost": 185,
		"culture": 3,
		"greatPersonPoints": {"Great Prophet": 1},
		"isWonder": true,
		"uniques": ["[+1 Happiness] from [Forest] tiles [in this city]"],
		"quote": "'The ancient Oracle said that I was the wisest of all the Greeks. It is because I alone, of all the Greeks, know that I know nothing' - Socrates"
	},
	{
		"name": "The Oracle of Delphi",
		"uniqueTo": "The Aetolians",
		"cost": 185,
		"culture": 4,
		"gold": 3,
		"greatPersonPoints": {"Great Prophet": 1},
		"isWonder": true,
		"uniques": ["Free Social Policy"],
		"quote": "When some one boasted that at the Pythian games he had vanquished men, Diogenes replied: 'Nay, I defeat men, you defeat slaves'." 
	},
	{
		"name": "Parthenon",
		"uniqueTo": "The Athenians",
		"cost": 185,
		"culture": 3,
		"science": 2,
		"cityHealth": 20,
		"isWonder": true,
		"greatPersonPoints": {"Great Scholar": 1},
		"uniques": ["[-15]% maintenance costs <for [Water] units>"],
		"quote": "'It is not so much for its beauty that the forest makes a claim upon men's hearts, as for that subtle something, that quality of air, that emanation from old trees, that so wonderfully changes and renews a weary spirit.' - Robert Louis Stevenson"
	},
	{
		"name": "Temple of Artemis",
		"uniqueTo": "The Ionians",
		"cost": 185,
		"culture": 3,
		"isWonder": true,
		"greatPersonPoints": {"Great Scholar": 1},
		"uniques": ["[+10]% [Food] [in all cities]", "[+15]% Production when constructing [Archery] units [in this city]",],
		"quote": "'It is not so much for its beauty that the forest makes a claim upon men's hearts, as for that subtle something, that quality of air, that emanation from old trees, that so wonderfully changes and renews a weary spirit.' - Robert Louis Stevenson"
	},
	{
		"name": "Mausoleum of Halicarnassus",
		"uniqueTo": "The Ionians",
		"cost": 185,
		"culture": 3,
		"greatPersonPoints": {"Great Engineer": 1},
		"isWonder": true,
		"uniques": ["Gain [150] [Gold] <upon expending a [Great Person] unit> <(modified by game speed)>",
			"[+2 Gold] from [Marble] tiles [in this city]", "[+2 Gold] from [Stone] tiles [in this city]"],
		"quote": "'The whole earth is the tomb of heroic men and their story is not given only on stone over their clay but abides everywhere without visible symbol woven into the stuff of other men's lives.' - Pericles"
	},
	{
		"name": "Hanging Gardens",
		"uniqueTo": "The Babylonians",
		"cost": 185,
		"greatPersonPoints": {"Great Artist": 1},
		"food": 5,
		"culture": 1,
		"isWonder": true,
		"uniques": ["Provides [3] [Mercenary (Mesopotamian)]","Gain a free [Garden] [in this city]"],
		"quote": "'I think that if ever a mortal heard the word of God it would be in a garden at the cool of the day.' - F. Frankfort Moore"
	},
	{
		"name": "The Great Lighthouse",
		"uniqueTo": "The Ptolemies",
		"cost": 185,
		"culture": 2,
		"greatPersonPoints": {"Great Merchant": 1},
		"isWonder": true,
		"uniques": ["Must be next to [Coast]", "[+1] Movement <for [{Military} {Water}] units>",
			"[+2] Sight <for [{Military} {Water}] units>", "Gain a free [Lighthouse] [in this city]"],
		"quote": "'They that go down to the sea in ships, that do business in great waters; these see the works of the Lord, and his wonders in the deep.' - The Bible, Psalms 107:23-24"
	},
	{
		"name": "Colossus",
		"uniqueTo": "The Rhodians",
		"cost": 185,
		"culture": 1,
		"gold": 6,
		"greatPersonPoints": {"Great Merchant": 1},
		"isWonder": true,
		"uniques": ["Provides [3] [Mercenary (Rhodian)]","Must be next to [Coast]", "[+1 Gold] from [Water] tiles [in this city]"],
		"quote": "'Why man, he doth bestride the narrow world like a colossus, and we petty men walk under his huge legs, and peep about to find ourselves dishonorable graves.' - William Shakespeare, Julius Caesar"
	},


	//				--- Religious buildings

	{
		"name": "Cathedral",
		"cost": 0,
		"faith": 2,
		"culture": 3,
		"happiness": 2,
		"specialistSlots": {"Artist": 1},
		"uniques": [
			"Consumes [1] [Decadence]",
			"[+1 Faith] from [Village] tiles [in this city]",
			"[+1 Production] from [Village] tiles [in this city]",
			"Consumes [1] [Manpower]",
 			"Only available <when religion is enabled>",
			"Unbuildable",
			"Destroyed when the city is captured"
]
	},
	{
		"name": "Monastery",
		"cost": 0,
		"culture": 3,
		"faith": 3,
		"science": 1,
		"uniques": [
			"Consumes [1] [Decadence]",
			"[+1 Culture, +1 Faith] from [Wine] tiles [in this city]",
			"[+1 Culture, +1 Faith] from [Incense] tiles [in this city]",
			"[+1 Faith] from [Village] tiles [in this city]",
			"[+1 Happiness] from [Village] tiles [in this city]",
			"Consumes [1] [Manpower]",
 			"Only available <when religion is enabled>",
			"Unbuildable",
			"Destroyed when the city is captured"
]
	},
	{
		"name": "Mosque",
		"cost": 0,
		"culture": 3,
		"faith": 4,
		"happiness": 1,
		"uniques": [
			"Consumes [1] [Decadence]",
			"[+2 Faith] from [Village] tiles [in this city]",
			"Consumes [1] [Manpower]",
 			"Only available <when religion is enabled>",
			"Unbuildable",
			"Destroyed when the city is captured"
]
	},
	{
		"name": "Pagoda",
		"cost": 0,
		"culture": 3,
		"faith": 1,
		"happiness": 3,
		"uniques": [
			"Consumes [1] [Decadence]",
			"[+1 Faith] from [Village] tiles [in this city]",
			"[+1 Food] from [Village] tiles [in this city]",
			"Consumes [1] [Manpower]",
 			"Only available <when religion is enabled>",
			"Unbuildable",
			"Destroyed when the city is captured"
]
	},
	{
		"name": "Ballistics Range",
		"requiredBuilding": "Skirmisher Barracks",
		"hurryCostModifier": 50,
		"Cost":900,
		"maintenance": 5,
		"cityStrength": 3,
		"cityHealth": 10,
		"uniques": [
		"Consumes [2] [Manpower]",
		"New [Archery] units start with [5] XP [in this city]",
		"New [Scout] units start with [10] XP [in this city]",
		"Destroyed when the city is captured",
		],
		"requiredTech": "Military Reforms"
	},
	{
		"name": "Imperial Barracks",
		"requiredBuilding": "Army Barracks",
		"isNationalWonder": true,
		"hurryCostModifier": 50,
		"Cost":1500,
		"maintenance": 10,
		"cityStrength": 5,
		"cityHealth": 100,
		"uniques": [
			"Provides [1] [Veteran] <in cities with at least [20] [Population]>",
			"New [Military] units start with [5] XP [in this city]",
			"[+1 Happiness] from [Village] tiles [in this city]",
			"[+1 Production] from [Village] tiles [in this city]",
			"[-1 Food] from [Village] tiles [in this city]",
			"Limited to [1] per Civilization",
			"Destroyed when the city is captured",
		],
		"requiredTech": "Imperial Military Doctrine"
	},
	{
		"name": "Siege Workshop",
		"requiredBuilding": "Barracks",
		"hurryCostModifier": 50,
		"Cost":500,
		"maintenance": 5,
		"cityStrength": 5,
		"cityHealth": 10,
		"uniques": [
		"Consumes [1] [Manpower]",
		"New [Siege] units start with [5] XP [in this city]",
		"Destroyed when the city is captured",
		],
		"requiredTech": "Engineering"
	},
	{
		"name": "Sacred Grove",
		"requiredBuilding": "Muster Field",
		"hurryCostModifier": 25,
		"Cost":80,
		"maintenance": 1,
		"culture": 1,
		"cityHealth": 5,
		"uniques": [
			"Provides [1] [Mercenary (Celtic)]",
			"[+5]% Production when constructing [Sword] units [in this city]",
			"Provides [2] [Manpower]",
			"Only available <after adopting [Naked Fanatics]>","Must not be on [Desert]",
			"Never destroyed when the city is captured",
			"[+1 Faith] from [Village] tiles [in this city]",
		],
		"requiredTech": "Forestry"
	},
	{
		"name": "Palisade",
		"hurryCostModifier": 20,
		"Cost":50,
		"maintenance": 1,
		"cityHealth": 30,
		"uniques": [
		"Destroyed when the city is captured",
		],
		"requiredTech": "Woodworking"
	},
	{
		"name": "Garrison Post",
		"requiredBuilding": "Barracks",
		"hurryCostModifier": 20,
		"Cost":100,
		"maintenance": 1,
		"cityHealth": 20,
		"uniques": [
		"Provides [1] [Manpower]",
		"Destroyed when the city is captured",
		],
		"requiredTech": "Woodworking"
	},
	{
		"name": "Imperial Armory",
		"requiredBuilding": "Imperial Barracks",
		"Cost":1500,
		"isNationalWonder": true,
		"maintenance": 10,
		"production": 1,
		"cityStrength": 2,
		"cityHealth": 40,
		"requiredTech": "Crossbow Engineering",
		"specialistSlots": {"Engineer": 1},
		"uniques": [ 
                   	"[King] units gain the [Improved Armor] promotion", 
                   	"[General] units gain the [Improved Armor] promotion",
                  	"[Cavalry Shield II] units gain the [Improved Armor] promotion",
                  	"[Infantry Shield II] units gain the [Improved Armor] promotion",
                  	"[Infantry Shield III] units gain the [Improved Armor] promotion",
                    	"[Cataphract] units gain the [Improved Armor] promotion",
			"Provides [1] [Decadence]",
			"Provides [1] [Decadence] <during the [Imperial Age]>",
		"Destroyed when the city is captured"
		]
	},
	{
		"name": "Camel Stable",
		"requiredBuilding": "Spice Road",
		"requiredNearbyImprovedResources": ["Camels"],
		"hurryCostModifier": 25,
		"cost": 200,
		"maintenance": 0,
		"gold": 2,
		"uniques": [ 
                   	"[Camel Archer] units gain the [Camels Scare Horses] promotion",
			"[+1 Gold] from [Trading post] tiles [in this city]",
			"[+1 Production] from [Village] tiles [in this city]",
		]
		"requiredTech": "Barter"
	},
/////				---Scenario
	{
		"name": "Scenario",
		"uniques": [ 
			"Destroyed when the city is captured",
			"Gain a free [Scenario] [in all cities] <if [Scenario] is not constructed>",
			"Gain a free [Happiness] [in all cities] <if [Happiness] is not constructed>",
			"Unbuildable"
		]
	},	{
		"name": "Hellenic Barracks",
		"requiredBuilding": "Scenario",
		"cost": 400,
		"uniques": [ 
      			"Only available <after adopting [Hellenic Culture]> <hidden from users>",
      			"Only available <after adopting [Hellenistic Culture]> <hidden from users>",
      			"Only available <in cities with a [Scenario]>",
			"Destroyed when the city is captured",
		]
	},
	{
		"name": "Gallic Barracks",
		"requiredBuilding": "Scenario",
		"cost": 400,
		"uniques": [ 
			"Destroyed when the city is captured",
      			"Only available <after adopting [Celtic Culture]> <hidden from users>",
      			"Only available <after adopting [Germanic Culture]> <hidden from users>",
      			"Only available <in cities with a [Scenario]>",
			"Unbuildable"
		]
	},
	{
		"name": "Happiness",
		"requiredBuilding": "Scenario",
		"hurryCostModifier": 25,
		"cost": 9999,
		"uniques": [ 
			"[+10 Happiness] <for [AI player] Civilizations>",
			"Destroyed when the city is captured",
			"Unbuildable"
		]
		"requiredTech": "Barter"
	},
	{
		"name": "Manpower",
		"requiredBuilding": "Scenario",
		"hurryCostModifier": 25,
		"cost": 9999,
		"uniques": [ 
			"Provides [30] [Manpower] <for [AI player] Civilizations>",
			"Destroyed when the city is captured",
			"Unbuildable"
		]
		"requiredTech": "Barter"
	},
]
