{"isBaseRuleset":true,"constants":{	
					"maxXPfromBarbarians":10000,
					"cityStrengthBase":14,
					"cityStrengthPerPop":0.1,
					"cityStrengthFromTechsMultiplier":0,
					"cityStrengthFromTechsExponent":0,
					"cityStrengthFromTechsFullMultiplier":0,
					"cityStrengthFromGarrison":1,
					"minimalCityDistance":4,
					"minimalCityDistanceOnDifferentContinents":4,
					"baseCityBombardRange":1,
					"cityWorkRange":5,
					"cityExpandRange":5,
					"baseTurnsUntilRevolt":1,
},


"modUrl":"https://github.com/Mindless-Cattius/Total-War-But-Turn-Based",
"defaultBranch":"main",
"author":"Mindless-Cattius",
"lastUpdated":"2025-10-31T22:42:04Z",
"modSize":14522,"topics":["unciv-mod",
"unciv-mod-rulesets"],
"uniques":["Can be used as permanent audiovisual mod"]}