[
    {
        "name": "Quick",
        "productionCostModifier": 0.67,
        "goldCostModifier": 0.67,
        "scienceCostModifier": 0.67,
        "cultureCostModifier": 0.67,
        "faithCostModifier": 0.67,
        "improvementBuildLengthModifier": 0.67,
        "barbarianModifier": 0.67,
        "goldGiftModifier": 1.25,
        "cityStateTributeScalingInterval": 5.0,
        "goldenAgeLengthModifier": 1,
        "religiousPressureAdjacentCity": 9,
        "peaceDealDuration": 10,
        "dealDuration": 15,
        "startYear": -800,
        "turns": [
            {"yearsPerTurn": 2, "untilTurn":  400} // 0
        ] 
    },
    {
        "name": "Standard",
        "modifier": 1.0,
        "productionCostModifier": 1.0,
        "goldCostModifier": 1.0,
        "scienceCostModifier": 1.0,
        "cultureCostModifier": 1.0,
        "faithCostModifier": 1.0,
        "improvementBuildLengthModifier": 1.0,
        "barbarianModifier": 1.1,
        "goldGiftModifier": 1.0,
        "cityStateTributeScalingInterval": 6.5,
        "goldenAgeLengthModifier": 1.5,
        "religiousPressureAdjacentCity": 6,
        "peaceDealDuration": 15,
        "dealDuration": 20,
        "startYear": -800,
        "turns": [
            {"yearsPerTurn": 1, "untilTurn":  200}, // -400
            {"yearsPerTurn": 1, "untilTurn":  600} // 0
        ]
    },
    {
        "name": "Epic",
        "modifier": 1.5,
        "productionCostModifier": 1.5,
        "goldCostModifier": 1.5,
        "scienceCostModifier": 1.5,
        "cultureCostModifier": 1.5,
        "faithCostModifier": 1.5,
        "improvementBuildLengthModifier": 1.5,
        "barbarianModifier": 1.5,
        "goldGiftModifier": 0.75,
        "cityStateTributeScalingInterval": 14.0,
        "goldenAgeLengthModifier": 1.25,
        "religiousPressureAdjacentCity": 4,
        "peaceDealDuration": 20,
        "dealDuration": 30,
        "startYear": -800,
        "turns": [
            {"yearsPerTurn": 2, "untilTurn":  100}, // -600
            {"yearsPerTurn": 1, "untilTurn":  450}, // -250
            {"yearsPerTurn": 0.5, "untilTurn":  900} // -25
        ]
    },
    {
        "name": "Marathon",
        "modifier": 3.0,
        "productionCostModifier": 3.0,
        "goldCostModifier": 3.0,
        "scienceCostModifier": 3.0,
        "cultureCostModifier": 3.0,
        "faithCostModifier": 3.0,
        "improvementBuildLengthModifier": 3.0,
        "barbarianModifier": 4.0,
        "goldGiftModifier": 0.67,
        "cityStateTributeScalingInterval": 32.0,
        "goldenAgeLengthModifier": 2.0,
        "religiousPressureAdjacentCity": 2,
        "peaceDealDuration": 30,
        "dealDuration": 40,
        "startYear": -800,
        "turns": [
            {"yearsPerTurn": 1, "untilTurn":  350}, // -450
            {"yearsPerTurn": 0.5, "untilTurn":  900}, // -175
            {"yearsPerTurn": 0.25, "untilTurn":  1500} // -25
        ]
    }
]
