[
	{
		"columnNumber": 0,
		"era": "Archaic Age",
		"techCost": 35,
		"buildingCost": 40,
		"wonderCost": 185,
		"techs": [
			{
				"name": "Agriculture",
				"row": 5,
				"uniques": ["Starting tech"],
				"quote": "'Something something wise and viral.' - Some privileged 'wise' person"
			}

		]
	},
	{
		"columnNumber": 1,
		"era": "Archaic Age",
		"techCost": 45,
		"buildingCost": 60,
		"wonderCost": 185,
		"techs": [
			{
				"name": "Mythology",
				"row": 1,
				"prerequisites": ["Agriculture"],
				"quote": "'Something something wise and viral.' - Some privileged 'wise' person"
			},

			{
				"name": "Animal Husbandry",
				"row": 4,
				"prerequisites": ["Agriculture"],
				"quote": "'Something something wise and viral.' - Some privileged 'wise' person"
			},
			{
				"name": "Pottery",
				"row": 5,
				"prerequisites": ["Agriculture"],
				"quote": "'Something something wise and viral.' - Some privileged 'wise' person"
			},
			{
				"name": "Mining",
				"row": 7,
				"prerequisites": ["Agriculture"],
				"quote": "'Something something wise and viral.' - Some privileged 'wise' person"
			},
			{
				"name": "Forestry",
				"row": 8,
				"prerequisites": ["Agriculture"],
				"quote": "'Something something wise and viral.' - Some privileged 'wise' person"
			},
			{
				"name": "Fishing",
				"row": 9,
				"prerequisites": ["Agriculture"],
				"quote": "'Something something wise and viral.' - Some privileged 'wise' person"
			}
		]
	},
	{
		"columnNumber": 2,
		"era": "Archaic Age",
		"techCost": 105,
		"buildingCost": 75,
		"wonderCost": 185,
		"techs": [
			{
				"name": "Writing",
				"row": 1,
				"prerequisites": ["Mythology"],
				"quote": "'The investigation of the meaning of words is the beginning of education.' - Antisthenes"
			},
			{
				"name": "Mysticism",
				"row": 2,
				"prerequisites": ["Mythology"],
				"quote": "'Something something wise and viral.' - Some privileged 'wise' person"
			},
			{
				"name": "Barter",
				"row": 4,
				"prerequisites": ["Animal Husbandry","Pottery"],
				"quote": "'Something something wise and viral.' - Some privileged 'wise' person"
			},
			{
				"name": "Bronze Working",
				"row": 7,
				"prerequisites": ["Mining"],
				"quote": "'Something something wise and viral.' - Some privileged 'wise' person"
			},
			{
				"name": "Archery",
				"row": 8,
				"prerequisites": ["Forestry"],
				"quote": "'Something something wise and viral.' - Some privileged 'wise' person"
			},
			{
				"name": "Woodworking",
				"row": 9,
				"prerequisites": ["Forestry","Fishing"],
				"quote": "'Something something wise and viral.' - Some privileged 'wise' person"
			}
		]
	},
	{
		"columnNumber": 3,
		"era": "Archaic Age",
		"techCost": 175,
		"buildingCost": 100,
		"wonderCost": 250,
		"techs": [
			{
				"name": "Diplomacy",
				"row": 1,
				"prerequisites": ["Writing","Mysticism"],
				"uniques": [
				"Notified of new Barbarian encampments",
				"Enables Defensive Pacts"
				],
				"quote": "'Solon used to say that speech was the image of actions; that laws were like cobwebs, for that if any trifling or powerless thing fell into them, they held it fast; while if it were something weightier, it broke through them and was off.' - Diogenes"
			},
			{
				"name": "The Wheel",
				"row": 4,
				"prerequisites": ["Barter"],
				"quote": "'Something something wise and viral.' - Some privileged 'wise' person"
			},
			{
				"name": "Land Grants",
				"row": 5,
				"prerequisites": ["Barter"],
				"uniques": ["Provides [1] [Nobles]"],
				"quote": "Diogenes once begged alms of a statue, and, when asked why he did so, replied, 'To get practice in being refused.'"
			},
			{
				"name": "Bronze Working",
				"row": 7,
				"prerequisites": ["Mining"],
				"quote": "'Something something wise and viral.' - Some privileged 'wise' person"
			},
			{
				"name": "Shipbuilding",
				"row": 9,
				"prerequisites": ["Woodworking"],
				"uniques": ["Provides [1] [Nobles]"],
				"uniques": ["Enables embarkation for land units"],
				"quote": "'Something something wise and viral.' - Some privileged 'wise' person"
			},
		]
	},
	{
		"columnNumber": 4,
		"era": "Classical Age",
		"techCost": 275,
		"buildingCost": 100,
		"wonderCost": 250,
		"techs": [
			{
				"name": "Hospitum",
				"row": 1,
				"prerequisites": ["Diplomacy"],
				"uniques": [
				"Resting point for Influence with City-States is increased by [20]",
				"Enables Open Borders agreements",
				],
				"quote": "'Something something wise and viral.' - Some privileged 'wise' person"
			},
			{
				"name": "Currency",
				"row": 2,
				"prerequisites": ["The Wheel","Mysticism"],
				"uniques": [
				"Comment [Enables Mercenary Camps]"
				],
				"quote": "'War is not so much a matter of weapons as of money.' - Thucydides"
			},
			{
				"name": "Riding",
				"row": 4,
				"prerequisites": ["The Wheel"],
				"quote": "'Man is the most intelligent of the animals - and the most silly.' - Diogenes"
			},
			{
				"name": "Public Works",
				"row": 5,
				"prerequisites": ["Land Grants","Bronze Working"],
				"uniques": [
				"Roads connect tiles across rivers"
				],
				"quote": "'What have the Romans ever done for us?' - Monty Python's Life of Brian"
			},
			{
				"name": "Citizen Levy",
				"row": 6,
				"prerequisites": ["Bronze Working"],
				"quote": "'Something something wise and viral.' - Some privileged 'wise' person"
			},
			{
				"name": "Masonry",
				"row": 7,
				"prerequisites": ["Bronze Working"],
				"quote": "When someone wished to know why Sparta didn't have any walls, Agesilaus pointed to the citizens in full armour and said, 'These are the Spartans' walls.'"
			},
			{
				"name": "Construction",
				"row": 8,
				"prerequisites": ["Bronze Working","Archery"],
				"quote": "'When I became king, I built much excellent. What had been built by my father, that I protected, and other building I added. What moreover I built, and what my father built, all that by the favor of Ahuramazda we built.' - Xerxes"
			},
			{
				"name": "Optics",
				"row": 9,
				"prerequisites": ["Shipbuilding"],
				"quote": "'It is not enough to be industrious; so are the ants. What are you industrious about?.' - Henry David Thoreau"
			}
		]
	},
	{
		"columnNumber": 5,
		"era": "Classical Age",
		"techCost": 485,
		"buildingCost": 120,
		"wonderCost": 300,
		"techs": [
			{
				"name": "Philosophy",
				"row": 1,
				"prerequisites": ["Hospitum"],
				"quote": "'You will become a teacher of yourself when you criticize yourself for all those things that you would criticize others.' - Diogenes"
			},
			{
				"name": "Entertainment",
				"row": 2,
				"prerequisites": ["Currency"],
				"quote": "'Every generation laughs at the old fashions, but follows religiously the new.' - Henry David Thoreau"
			},
			{
				"name": "Trade Routes",
				"row": 3,
				"prerequisites": ["Currency"],
				"uniques": [
				"[+1 Gold] from each Trade Route"
				],
				"quote": "'Something something wise and viral.' - Some privileged 'wise' person"
			},
			{
				"name": "Equestrian Class",
				"row": 4,
				"prerequisites": ["Riding"],
				"uniques": ["Provides [1] [Nobles]"],
				"quote": "'A Man is defined as a biped and featherless animal' said Plato, and he was applauded. Diogenes returned with a plucked chicken, shouting 'Behold Plato's man!'."
			},
			{
				"name": "Infantry Training",
				"row": 6,
				"prerequisites": ["Citizen Levy"],
				"uniques": ["Enable Swordsman"],
				"quote": "Philip II of Macedon sent a message to Sparta: 'If I invade Laconia you will be destroyed, never to rise again.'. The Spartan repply was 'If'."
			},
			{
				"name": "Engineering",
				"row": 8,
				"prerequisites": ["Optics","Construction"],
				"quote": "'I have found it!' - Archimedes, as he ran naked from his bath, having found a way to meassure the proportion of gold that was used in the king's crown"
			},
			{
				"name": "Navigation",
				"row": 9,
				"prerequisites": ["Optics"],
				"uniques": ["[+1] Movement <for [Embarked] units>","Provides [1] [Nobles]"],
				"quote": "'We have ploughed the vast ocean in a fragile bark.' - Ovid"
			}
		]
	},
	{
		"columnNumber": 6,
		"era": "Hellenistic Age",
		"techCost": 780,
		"buildingCost": 160,
		"wonderCost": 400,
		"techs": [
			{
				"name": "Cultural Exchange",
				"row": 1,
				"prerequisites": ["Philosophy","Entertainment"],
				"uniques": [
				"Allied City-States provide [Culture] equal to [15]% of what they produce for themselves",
				"Allied City-States provide [Science] equal to [15]% of what they produce for themselves",
				],
				"quote": "'The most beautiful thing in the world is freedom of speech.' - Diogenes"
			},
			{
				"name": "Tax Farming",
				"row": 3,
				"prerequisites": ["Trade Routes","Entertainment"],
				"uniques": ["Enables conversion of city production to [Gold]"],
				"quote": "'The great thieves lead away the little thief.' - Diogenes"
			},
			{
				"name": "Supply Logistics",
				"row": 5,
				"prerequisites": ["Public Works","Equestrian Class"],
				"uniques": ["[-25]% Gold cost of acquiring tiles [in all cities]","Improves movement speed on roads"],
				"quote": "'I will either find a way, or make one.' - Hannibal Barca"
			},
			{
				"name": "Heavy Infantry",
				"row": 6,
				"prerequisites": ["Infantry Training"],
				"quote": "'Something something wise and viral.' - Some privileged 'wise' person"
			},
			{
				"name": "Torsion Engines",
				"row": 7,
				"prerequisites": ["Engineering","Masonry"],
				"uniques": [
//				"[+50]% Strength <for [Siege] units> <vs cities>",
//				"[+25]% Strength <for [Ranged Water] units> <vs cities>",
				"[+1] Range <for [Siege] units>",
				"[+1] Range <for [Ranged Water] units>",
				],
				"quote": "'Shall we not make an end to this fighting against this geometrical Briareus who uses our ships like cups to ladle water from the sea, drives off our sambuca ignominiously with cudgel-blows, and by the multitude of missiles that he hurls at us all at once outdoes the hundred-handed giants of mythology?' - Marcus Claudius Marcellus, during the Siege of Syracuse"
			},
			{
				"name": "Naval Artillery",
				"row": 9,
				"prerequisites": ["Navigation","Engineering"],
				"quote": "'Children ought to be provided with property and resources of a kind that could swim with them even out of a shipwreck.' - Vitruvius"
			}

		]
	},
	{
		"columnNumber": 7,
		"era": "Hellenistic Age",
		"techCost": 1300,
		"buildingCost": 250,
		"wonderCost": 400,
		"techs": [
			{
				"name": "Vassalage",
				"row": 1,
				"prerequisites": ["Cultural Exchange","Tax Farming"],
				"uniques": [
				"Comment [Increased Bonuses from friendly and allied City-States]",
				"Allied City-States will occasionally gift Great People",
				"[-25]% City-State Influence degradation",
				"[-10]% maintenance costs <for [{Military} {Land}] units>",
				],
				"quote": "'Aristotle dines when it seems good to King Philip, but Diogenes when he himself pleases.' - Diogenes "
			},
			{
				"name": "Private Estates",
				"row": 4,
				"prerequisites": ["Tax Farming","Equestrian Class"],
				"uniques": ["Provides [1] [Nobles]"],
				"quote": "'Virtue cannot dwell with wealth either in a city or in a house.' - Diogenes"
			},
			{
				"name": "Metallurgy",
				"row": 6,
				"prerequisites": ["Heavy Infantry","Supply Logistics"],
				"quote": "'Boasting, like gilded armour, is very different inside from outside.' - Diogenes "
			},

		]
	},
	{
		"columnNumber": 8,
		"era": "Hellenistic Age",
		"techCost": 3200,
		"buildingCost": 350,
		"wonderCost": 400,
		"techs": [
			{
				"name": "Social Reforms",
				"row": 2,
				"prerequisites": ["Private Estates","Vassalage"],
				"uniques": ["Enables conversion of city production to [Culture]","[-10]% Culture cost of adopting new Policies",],
				"quote": "'The rulers of the States are the only ones who should have the privilege of lying' - Plato, promoting an early manifestation of fascism"
			},
			{
				"name": "Aesthetics",
				"row": 4,
				"prerequisites": ["Private Estates"],
				"uniques": [
				"[+1 Culture] from every [Temple]"
				],
				"quote": "'The perception of beauty is a moral test.' - Henry David Thoreau"
			},
			{
				"name": "Military Reforms",
				"row": 6,
				"prerequisites": ["Metallurgy"],
				"quote": "'The man who despairs in the face of difficulties and hardships, or of public censure and opinion, is defeated by his own feebleness.' - Cleomenes III"
			},
			{
				"name": "Mass Production",
				"row": 7,
				"prerequisites": ["Torsion Engines","Metallurgy"],
				"quote": "'It is the privilege of the gods to want nothing, and of godlike men to want little.' - Diogenes"
			},
			{
				"name": "Exploration",
				"row": 9,
				"prerequisites": ["Naval Artillery"],
				"uniques": [
					"Enables [Embarked] units to enter ocean tiles",
					"[+1] Movement <for [Water] units>",
					"[+1] Movement <for [Embarked] units>",
				],
				"quote": "'Something something wise and viral.' - Some privileged 'wise' person"
			}
		]
	},
	{
		"columnNumber": 9,
		"era": "Imperial Age",
		"techCost": 8000,
		"buildingCost": 400,
		"wonderCost": 400,
		"techs": [
			{
				"name": "Imperial Military Doctrine",
				"row": 2,
				"prerequisites": ["Military Reforms","Social Reforms"],
 				 "uniques": [
					"[Gold] cost of purchasing [Military] units [+20]%",
					"[+10]% Strength <for [Spearman] units>",
  					"All newly-trained [Military] units [in all cities] receive the [Morale] promotion <during the [Imperial Age]>",
],
				"quote": "'Therefore, he who desires peace, should prepare for war.'- Vegetius"
			},
			{
				"name": "Heavy Archery Tactics",
				"row": 4,
				"prerequisites": ["Military Reforms","Aesthetics"],
  "uniques": [
					"[+15]% Strength <for [Skirmisher] units>",
],
				"quote": "Arm the archer not only with arrows, but with purpose and formation."
			},
			{
				"name": "Crossbow Engineering",
				"row": 6,
				"prerequisites": ["Military Reforms","Mass Production"],
				"quote": "..."
			},
		]
	},
	{
		"columnNumber": 10,
		"era": "Imperial Age",
		"techCost": 20000,
		"buildingCost": 500,
		"wonderCost": 500,
		"techs": [
			{
				"name": "Imperial Decay",
				"row": 5,
				"prerequisites": ["Crossbow Engineering","Heavy Archery Tactics","Imperial Military Doctrine",],
				"uniques": [
				"Can be continually researched","Empire enters a [10]-turn Golden Age",
],
				"quote": "'I think we agree, the past is over.' - George W. Bush",
				"civilopediaText": [{"text": "Who knows what the future holds?"}]
			}
		]
	}
]
