[	
	// Bonus resources
    {
		"name": "Cattle",
		"resourceType": "Bonus",
		"terrainsCanBeFoundOn": ["Grassland","Plains"],
		"food": 1,
		"improvement": "Pasture",
		"improvementStats": {"production": 1},
		"uniques": [
		"Generated on every [18] tiles <in [{Featureless} {Grassland}] tiles>",
		"Generated on every [22] tiles <in [{Featureless} {Grassland}] tiles> <in [Hill] Regions>"
		]
    },
    {
		"name": "Sheep",
		"resourceType": "Bonus",
		"terrainsCanBeFoundOn": ["Hill"],
		"food": 1,
		"improvement": "Pasture",
		"improvementStats": {"food": 1},
		"uniques": [
		"Generated on every [13] tiles <in [Hill] tiles> <in tiles without [Forest]> <in tiles without [Jungle]> <in tiles without [Tundra]>"
		]
    },
    {
		"name": "Deer",
		"resourceType": "Bonus",
        "terrainsCanBeFoundOn": ["Forest","Tundra", "Jungle"],
		"food": 1,
		"improvement": "Camp",
		"improvementStats": {"production": 1},
		"uniques": [
		"Generated on every [8] tiles <in [{Tundra} {Forest}] tiles>",
		"Generated on every [12] tiles <in [{Featureless} {Tundra}] tiles>",
		"Generated on every [25] tiles <in [{Plains} {Forest}] tiles> <in tiles without [Hill]>",
		"Generated on every [20] tiles <in [{Grassland} {Forest}] tiles> <in tiles without [Hill]>",
		"Generated on every [16] tiles <in [{Featureless} {Tundra}] tiles> <in [Hill] Regions>",
		"Generated on every [28] tiles <in [Forest] tiles> <in [Hill] Regions>"
		]
    },
    {
		"name": "Camels",
		"resourceType": "Bonus",
        "terrainsCanBeFoundOn": ["Desert"],
		"food": 1,
		"improvement": "Pasture",
		"improvementStats": {"production": 1,"gold": 1},
		"uniques": [
		"Generated on every [25] tiles <in [Desert] tiles>",
		"Generated on every [16] tiles <in [{Featureless} {Desert}] tiles>",
		"Generated on every [12] tiles <in [Desert] tiles> <in [Desert] Regions>"
		]
    },
    {
		"name": "Wheat",
		"resourceType": "Bonus",
		"terrainsCanBeFoundOn": ["Plains","Flood plains","Desert"], // Desert only if fresh water
		"food": 1,
		"improvement": "Farm",
		"uniques": [
		"Generated on every [20] tiles <in [{Featureless} {Plains}] tiles>",
		"Generated on every [8] tiles <in [Flood plains] tiles>",
		"Generated on every [27] tiles <in [{Featureless} {Plains}] tiles> <in [Hill] Regions>",
		"Doesn't generate naturally <in [{Featureless} {Desert}] tiles>"
        ]
    },
    {
		"name": "Stone",
		"resourceType": "Bonus",
		"terrainsCanBeFoundOn": ["Plains","Grassland","Desert","Tundra"],
		"production": 1,
		"improvement": "Quarry",
		"improvementStats": {"production": 2},
		"uniques": [
		"Generated on every [20] tiles <in [{Featureless} {Grassland}] tiles> <in tiles without [Fresh Water]>",
		"Generated on every [15] tiles <in [{Featureless} {Tundra}] tiles>",
		"Generated on every [19] tiles <in [{Featureless} {Desert}] tiles>"
		]
    },
    {
		"name": "Clay",
		"resourceType": "Bonus",
		"terrainsCanBeFoundOn": ["Plains","Grassland","Marsh"],
		"production": 1,
		"improvement": "Camp",
		"improvementStats": {"gold": 2},
		"uniques": [
		"Generated on every [32] tiles <in [{Featureless} {Grassland}] tiles> <in [Fresh Water] tiles>",
		"Generated on every [28] tiles <in [{Featureless} {Grassland}] tiles> <in [Coastal] tiles>",
		"Generated on every [28] tiles <in [{Featureless} {Plains}] tiles> <in [Fresh Water] tiles>",
		"Generated on every [27] tiles <in [{Featureless} {Plains}] tiles> <in [Coastal] tiles>",
		"Generated on every [12] tiles <in [Marsh] tiles>"
		]
    },
    {
		"name": "Tar",
		"resourceType": "Bonus",
		"terrainsCanBeFoundOn": ["Marsh"],
		"production": 1,
		"improvement": "Camp",
		"improvementStats": {"gold": 2},
		"uniques": [
		"Generated on every [8] tiles <in [Marsh] tiles>"
		]
    },
    {
		"name": "Olives",
		"resourceType": "Bonus",
		"terrainsCanBeFoundOn": ["Plains","Hill","Grassland"],
		"food": 1,
		"improvement": "Plantation",
		"improvementStats": {"gold": 1},
		"uniques": [
		"Generated on every [20] tiles <in [{Plains} {Hill}] tiles>",
		"Generated on every [32] tiles <in [{Featureless} {Plains}] tiles> <in [Hill] Regions>",
		"Doesn't generate naturally <in [Grassland] tiles>",
		"Doesn't generate naturally <in [Jungle] tiles>",
		"Doesn't generate naturally <in [Tundra] tiles>",
		"Doesn't generate naturally <in [Snow] tiles>",
		"Doesn't generate naturally <in [Desert] tiles>"
		]
    },
    {
		"name": "Herbs",
		"resourceType": "Bonus",
		"terrainsCanBeFoundOn": ["Forest","Hill","Marsh","Jungle"],
		"food": 2,
		"improvement": "Camp",
		"improvementStats": {"gold": 1},
		"uniques": [
		"Generated on every [20] tiles <in [{Tundra} {Forest}] tiles>",
		"Generated on every [20] tiles <in [{Plains} {Forest}] tiles>",
		"Generated on every [20] tiles <in [{Grassland} {Forest}] tiles>",
		"Generated on every [25] tiles <in [Jungle] tiles>",
		"Generated on every [15] tiles <in [Marsh] tiles>",
		"Doesn't generate naturally <in [Desert] tiles>"
		]
    },
    {
		"name": "Flax",
		"resourceType": "Bonus",
		"terrainsCanBeFoundOn": ["Plains","Grassland"],
		"production": 1,
		"improvement": "Plantation",
		"improvementStats": {"gold": 2},
		"uniques": [
		"Generated on every [25] tiles <in [{Featureless} {Grassland}] tiles> <in tiles without [Fresh Water]>",
		"Generated on every [27] tiles <in [{Featureless} {Plains}] tiles> <in [Fresh Water] tiles>",
		]
    },
    {
		"name": "Hemp",
		"resourceType": "Bonus",
		"terrainsCanBeFoundOn": ["Plains","Desert"],
		"production": 1,
		"improvement": "Plantation",
		"improvementStats": {"gold": 2},
		"uniques": [
		"Generated on every [27] tiles <in [{Featureless} {Plains}] tiles> <in tiles without [Fresh Water]>",
		"Generated on every [25] tiles <in [{Hill} {Plains}] tiles> <in tiles without [Fresh Water]>",
		"Generated on every [8] tiles <in [{Hill} {Desert}] tiles> <in [Fresh Water] tiles>",
		"Doesn't generate naturally <in [Desert] tiles>"
		]
    },
    {
		"name": "Fish",
		"resourceType": "Bonus",
		"terrainsCanBeFoundOn": ["Coast"],
		"food": 1,
		"improvementStats": {"food": 1},
		"improvement": "Fishing Boats",
		"uniques": ["Generated on every [8] tiles <in [{Featureless} {Coast}] tiles>"]
    },
	
	// Strategic resources
    {
		"name": "Decadence",
		"resourceType": "Strategic",
		"uniques": [
		"Comment [Increased Decadence reduces Culture generation and Manpower Bonuses. Great Courtesan, Orator, Merchant and Prophet generation increases with Decadence, while Great General, Scholar, Artist and Engineer generation decreases.]",
		"Cannot be traded",
		"Doesn't generate naturally",
//		"City-level resource"
//		"Stockpiled"
		]
    },
    {
		"name": "Nobles",
		"resourceType": "Strategic",
		"uniques": [
//		"Cannot be traded <for [City-states]> <hidden from users>",
		"Cannot be traded",
		"Doesn't generate naturally",
		"Comment [Required to generate Great Generals and Great Admirals]",
		]
    },
    {
		"name": "Manpower",
		"resourceType": "Strategic",
		"uniques": [
		"Cannot be traded",
		"Comment [Required to train Military Units]",
		"Doesn't generate naturally"
		]
    },
    {
		"name": "Veteran",
		"resourceType": "Strategic",
		"uniques": [
		"Cannot be traded",
		"Comment [Required to train Elite Military Units]",
		"Doesn't generate naturally"
		]
    },
    {
		"name": "Timber",
		"resourceType": "Strategic",
		"revealedBy": "Forestry",
		"terrainsCanBeFoundOn": ["Forest","Jungle"],
		"production": 1,
		"improvement": "Lumber mill",
		"improvementStats": {"production": 2},
		"uniques": [
		"Guaranteed with Strategic Balance resource option",
		"Generated with weight [100] <in [Forest] tiles>",
		"Generated with weight [50] <in [Jungle] tiles>",
		"Minor deposits generated with weight [30] <in [Forest] tiles> <in tiles without [Fresh Water]>",
		"Minor deposits generated with weight [20] <in [Forest] tiles> <in [Fresh Water] tiles>"
		"Minor deposits generated with weight [20] <in [Jungle] tiles>"
		],
		"majorDepositAmount": {"sparse": 2, "default": 3, "abundant": 4},
		"minorDepositAmount": {"sparse": 1, "default": 2, "abundant": 3}
    },
    {
		"name": "Horses",
		"resourceType": "Strategic",
		"revealedBy": "Animal Husbandry",
		"terrainsCanBeFoundOn": ["Plains","Grassland","Hill"], // Hill only if plains or grassland
		"production": 1,
		"improvement": "Pasture",
		"improvementStats": {"production": 1},
		"uniques": [
		"Guaranteed with Strategic Balance resource option",
		"Generated with weight [100] <in [{Featureless} {Grassland}] tiles>",
		"Generated with weight [100] <in [{Featureless} {Plains}] tiles>",
		"Minor deposits generated with weight [10] <in [{Grassland} {Hill}] tiles> <in tiles without [Forest]> <in tiles without [Jungle]>",
		"Minor deposits generated with weight [10] <in [{Plains} {Hill}] tiles> <in tiles without [Forest]> <in tiles without [Jungle]>",
		"Minor deposits generated with weight [100] <in [{Featureless} {Grassland}] tiles> <in [Fresh Water] tiles>",
		"Minor deposits generated with weight [20] <in [{Featureless} {Grassland}] tiles> <in tiles without [Fresh Water]>",
		"Minor deposits generated with weight [30] <in [{Featureless} {Plains}] tiles>"
		],
		"majorDepositAmount": {"sparse": 2, "default": 3, "abundant": 4},
		"minorDepositAmount": {"sparse": 1, "default": 2, "abundant": 3}
    },
    {
		"name": "Elephants",
		"resourceType": "Strategic",
		"revealedBy": "Animal Husbandry",
		"uniques": [
		"Doesn't generate naturally"
		],
    },
    {
		"name": "Copper",
		"resourceType": "Strategic",
		"revealedBy": "Mining",
		"terrainsCanBeFoundOn": ["Grassland","Plains","Desert","Tundra"],
		"production": 1,
		"improvement": "Mine",
		"uniques": [
		"Cannot be traded",
		"Guaranteed with Strategic Balance resource option",
		"Generated with weight [100] <in [Hill] tiles> <in tiles without [Forest]> <in tiles without [Jungle]>",
		"Minor deposits generated with weight [40] <in [Hill] tiles>",
		"Minor deposits generated with weight [10] <in [{Featureless} {Desert}] tiles> <in tiles without [Fresh Water]>",
		"Minor deposits generated with weight [10] <in [{Featureless} {Grassland}] tiles> <in tiles without [Fresh Water]>",
		"Minor deposits generated with weight [10] <in [{Featureless} {Tundra}] tiles> <in tiles without [Fresh Water]>"
		],
		"majorDepositAmount": {"sparse": 2, "default": 3, "abundant": 4},
		"minorDepositAmount": {"sparse": 1, "default": 2, "abundant": 3}
		},
    {
		"name": "Bronze",
		"resourceType": "Strategic",
		"revealedBy": "Mining",
		"uniques": [
		"Doesn't generate naturally"
		],
    },
    {
		"name": "Iron",
		"resourceType": "Strategic",
		"revealedBy": "Bronze Working",
		"terrainsCanBeFoundOn": ["Grassland","Plains","Desert","Tundra","Snow","Hill"],
		"production": 1,
		"improvement": "Mine",
		"uniques": [
		"Guaranteed with Strategic Balance resource option",
		"Generated with weight [45] <in [{Featureless} {Tundra}] tiles>",
		"Generated with weight [25] <in [{Featureless} {Snow}] tiles>",
		"Generated with weight [35] <in [{Featureless} {Desert}] tiles>",
		"Generated with weight [26] <in [Hill] tiles>",
		"Minor deposits generated with weight [10] <in [{Jungle} {Hill}] tiles>",
		"Minor deposits generated with weight [20] <in [Forest] tiles>",
		"Minor deposits generated with weight [20] <in [Hill] tiles> <in tiles without [Forest]> <in tiles without [Jungle]>",
		"Minor deposits generated with weight [30] <in [{Featureless} {Grassland}] tiles> <in tiles without [Fresh Water]>",
		"Minor deposits generated with weight [20] <in [{Featureless} {Plains}] tiles>",
		"Minor deposits generated with weight [10] <in [{Featureless} {Desert}] tiles>",
		"Minor deposits generated with weight [10] <in [{Featureless} {Tundra}] tiles>",
		"Minor deposits generated with weight [10] <in [{Featureless} {Snow}] tiles>"
		],
		"majorDepositAmount": {"sparse": 2, "default": 3, "abundant": 4},
		"minorDepositAmount": {"sparse": 1, "default": 2, "abundant": 3}
		},
	
	// Luxury resources
    {
		"name": "Ivory",
		"resourceType": "Luxury",
		"terrainsCanBeFoundOn": ["Desert","Plains","Grassland","Hill","Jungle","Forest","Marsh"],
		"gold": 2,
		"improvement": "Camp",
		"improvementStats": {"food": 1,"gold": 1},
		"uniques": [
		"[+5]% [Gold] <in cities with a [Jeweler]> <when above [1] [Ivory]>",
		"New [War Elephant] units start with [5] XP [in all cities] <when above [1] [Ivory]>",
		"Generated with weight [40] <in [Plains] Regions>",
		"Generated with weight [10] <in [Hybrid] Regions>",
		"Generated near City States with weight [5]",
		"Doesn't generate naturally <in [Tundra] tiles>",
		"Doesn't generate naturally <in [Snow] tiles>",
		"Doesn't generate naturally <in [Grassland] tiles>"
		]
    },
    {
		"name": "Furs",
		"resourceType": "Luxury",
		"terrainsCanBeFoundOn": ["Forest","Tundra"],
		"gold": 2,
		"improvement": "Camp",
		"improvementStats": {"food": 1,"gold": 1},
		"uniques": [
		"New [Archery] units start with [10] XP [in all cities] <when above [1] [Furs]>",
		"Generated with weight [40] <in [Tundra] Regions>",
		"Generated with weight [10] <in [Forest] Regions>",
		"Generated near City States with weight [5]"
		]
    },
    {
		"name": "Cotton",
		"resourceType": "Luxury",
		"terrainsCanBeFoundOn": ["Plains","Hill","Flood plains"],
		"gold": 2,
		"improvementStats": {"production": 1,"gold": 1},
		"improvement": "Plantation",
		"uniques": [
		"[+5]% [Gold] <in cities with a [Weavery]> <when above [1] [Cotton]>",
		"Generated with weight [25] <in [Plains] Regions>",
		"Generated with weight [25] <in [Desert] Regions>",
		"Generated near City States with weight [5]",
		"Doesn't generate naturally <in [Tundra] tiles>"
        ]
    },
    {
		"name": "Dyes",
		"resourceType": "Luxury",
		"terrainsCanBeFoundOn": ["Jungle","Forest","Marsh"],
		"gold": 2,
		"improvementStats": {"gold": 1,"culture": 1},
		"improvement": "Plantation",
		"uniques": [
		"[+5]% [Gold] <in cities with a [Weavery]> <when above [1] [Dyes]>",
		"Generated with weight [5] <in [Tundra] Regions>",
		"Generated with weight [15] <in [Jungle] Regions>",
		"Generated with weight [30] <in [Forest] Regions>",
		"Generated near City States with weight [5]",
		"Doesn't generate naturally <in [Hill] tiles>"
		]
    },
    {
		"name": "Gems",
		"resourceType": "Luxury",
		"terrainsCanBeFoundOn": ["Jungle","Forest","Hill"],
		"gold": 2,
		"improvementStats": {"gold": 1,"production": 1},
		"improvement": "Mine",
		"uniques": [
		"[+10]% [Gold] <in cities with a [Jeweler]> <when above [1] [Gems]>",
		"Generated with weight [5] <in [Tundra] Regions>",
		"Generated with weight [15] <in [Jungle] Regions>",
		"Generated with weight [20] <in [Hill] Regions>",
		"Generated with weight [5] <in [Grassland] Regions>",
		"Generated with weight [5] <in [Hybrid] Regions>",
		"Generated near City States with weight [5]",
		"Doesn't generate naturally <in [Forest] tiles> <in tiles without [Hill]>"
        ]
    },
    {
		"name": "Gold Ore",
		"resourceType": "Luxury",
		"terrainsCanBeFoundOn": ["Desert","Hill","Forest","Jungle"],
		"gold": 2,
		"improvementStats": {"gold": 2},
		"improvement": "Mine",
		"uniques": [
		"[+10]% [Gold] <when above [1] [Gold Ore]>",
		"Generated with weight [15] <in [Desert] Regions>",
		"Generated with weight [15] <in [Hill] Regions>",
		"Generated with weight [5] <in [Plains] Regions>",
		"Generated with weight [5] <in [Grassland] Regions>",
		"Generated with weight [10] <in [Hybrid] Regions>",
		"Generated near City States with weight [5]",
		"Doesn't generate naturally <in [Forest] tiles> <in tiles without [Hill]>",
		"Doesn't generate naturally <in [Jungle] tiles> <in tiles without [Hill]>"
        ]
    },
    {
		"name": "Silver",
		"resourceType": "Luxury",
		"terrainsCanBeFoundOn": ["Hill","Forest","Jungle","Tundra","Grassland"],
		"gold": 2,
		"improvementStats": {"gold": 1,"production": 1},
		"improvement": "Mine",
		"uniques": [
                "[Gold] cost of purchasing [{Military} {Land}] units [-15]% <when above [1] [Silver]>",
		"Generated with weight [15] <in [Tundra] Regions>",
		"Generated with weight [20] <in [Hill] Regions>",
		"Generated with weight [10] <in [Grassland] Regions>",
		"Generated with weight [5] <in [Hybrid] Regions>",
		"Generated near City States with weight [5]",
		"Doesn't generate naturally <in [Forest] tiles> <in tiles without [Hill]>",
		"Doesn't generate naturally <in [Jungle] tiles> <in tiles without [Hill]>",
		"Doesn't generate naturally <in [{Tundra} {Hill}] tiles>",
		"Doesn't generate naturally <in [{Grassland} {Fresh Water}] tiles>",
		"Doesn't generate naturally <in [{Grassland} {Hill}] tiles>"
        ]
    },
    {
		"name": "Salt",
		"resourceType": "Luxury",
		"terrainsCanBeFoundOn": ["Desert","Tundra","Plains","Forest"],
		"food": 1,
		"improvement": "Mine",
		"improvementStats": {"gold": 1,"production": 1},
		"uniques": [
		"[-10]% maintenance costs <for [Military] units> <when above [1] [Salt]>"
		"Generated with weight [15] <in [Desert] Regions>",
		"Generated with weight [10] <in [Hill] Regions>",
		"Generated with weight [15] <in [Plains] Regions>",
		"Generated with weight [10] <in [Hybrid] Regions>",
		"Generated near City States with weight [5]",
		"Doesn't generate naturally <in [{Forest} {Hill}] tiles>"
		]
    },
    {
		"name": "Incense",
		"resourceType": "Luxury",
		"terrainsCanBeFoundOn": ["Plains","Desert","Flood plains"],
		"gold": 2,
		"improvementStats": {"faith": 2,"gold": 1},
		"improvement": "Plantation",
		"uniques": [
		"[+5]% [Faith] <when above [1] [Incense]>",
		"Generated with weight [35] <in [Desert] Regions>",
		"Generated with weight [10] <in [Plains] Regions>",
		"Generated with weight [5] <in [Hybrid] Regions>",
		"Generated near City States with weight [5]"
        ]
    },
    {
		"name": "Wine",
		"resourceType": "Luxury",
		"terrainsCanBeFoundOn": ["Grassland","Plains"],
		"gold": 2,
		"improvementStats": {"food": 1,"gold": 1},
		"improvement": "Plantation",
		"uniques": [
		"[+1 Happiness] [in all cities] <when above [1] [Wine]>",
		"Generated with weight [20] <in [Plains] Regions>",
		"Generated with weight [30] <in [Hybrid] Regions>",
		"Generated near City States with weight [5]"
        ]
    },
    {
		"name": "Marble",
		"resourceType": "Luxury",
		"terrainsCanBeFoundOn": ["Desert","Plains","Hill","Grassland"],
		"gold": 2,
		"improvement": "Quarry",
		"improvementStats": {"production": 2},
		"uniques": [
		"[+5]% [Gold] <in cities with a [Noble District]> <when above [1] [Marble]>",
		"[+10]% Production when constructing [All] wonders [in all cities] <when above [1] [Marble]>",
		"Generated with weight [5] <in [Tundra] Regions>",
		"Generated with weight [5] <in [Forest] Regions>",
		"Generated with weight [5] <in [Desert] Regions>",
		"Generated with weight [20] <in [Hill] Regions>",
		"Generated with weight [15] <in [Hybrid] Regions>",
		"Generated near City States with weight [5]",
		"Doesn't generate naturally <in [Featureless] tiles>"
		]
    },
    {
		"name": "Citrus",
		"resourceType": "Luxury",
		"terrainsCanBeFoundOn": ["Plains","Grassland","Flood plains"],
		"food": 1,
		"improvementStats": {"food": 1, "gold": 1},
		"improvement": "Plantation",
		"uniques": [
		"[+5]% growth [in all cities] <when above [1] [Citrus]>"
		"Generated with weight [25] <in [Jungle] Regions>",
		"Generated with weight [15] <in [Forest] Regions>",
		"Generated with weight [5] <in [Desert] Regions>",
		"Generated with weight [5] <in [Hybrid] Regions>",
		"Generated near City States with weight [5]",
		"Doesn't generate naturally <in [Tundra] tiles>"
        ]
    },
    {
		"name": "Truffles",
		"resourceType": "Luxury",
		"terrainsCanBeFoundOn": ["Forest","Marsh","Jungle"],
		"gold": 2,
		"improvement": "Camp",
		"improvementStats": {"food": 1, "gold": 1},
		"uniques": [
		"[+5]% growth [in all cities] <when above [1] [Truffles]>"
		"Generated with weight [5] <in [Jungle] Regions>",
		"Generated with weight [30] <in [Forest] Regions>",
		"Generated with weight [5] <in [Grassland] Regions>",
		"Generated with weight [10] <in [Hybrid] Regions>",
		"Generated near City States with weight [5]",
		"Doesn't generate naturally <in [{Forest} {Hill}] tiles>",
		"Doesn't generate naturally <in [Plains] tiles>"
		"Doesn't generate naturally <in [{Tundra} {Forest}] tiles>"
        ]
    },
    {
		"name": "Papyrus",
		"resourceType": "Luxury",
		"terrainsCanBeFoundOn": ["Flood plains","Marsh"],
		"gold": 2,
		"improvementStats": {"science": 1,"culture": 1},
		"improvement": "Plantation",
		"uniques": [
		"[+15]% [Gold] <in cities with a [Scriptorium]> <when above [1] [Papyrus]>",
		"Generated with weight [35] <in [Desert] Regions>",
		"Generated with weight [5] <in [Jungle] Regions>",
		"Generated with weight [10] <in [Hybrid] Regions>",
		"Generated near City States with weight [5]"
		]
    },
    {
		"name": "Amber",
		"resourceType": "Luxury",
		"terrainsCanBeFoundOn": ["Forest"],
		"gold": 2,
		"improvementStats": {"gold": 1,"production": 1},
		"improvement": "Lumber mill",
		"uniques": [
		"[+5]% [Gold] <in cities with a [Jeweler]> <when above [1] [Amber]>",
		"Generated with weight [30] <in [Tundra] Regions>",
		"Generated with weight [20] <in [Forest] Regions>",
		"Generated near City States with weight [5]",
		"Doesn't generate naturally <in [Plains] tiles>"
		]
    },
    {
		"name": "Honey",
		"resourceType": "Luxury",
		"terrainsCanBeFoundOn": ["Plains","Grassland","Forest","Jungle","Hill"],
		"food": 1,
		"improvementStats": {"gold": 1,"culture": 1},
		"improvement": "Camp",
		"uniques": [
		"[+5]% [Culture] <when above [1] [Honey]>",
		"Generated with weight [20] <in [Forest] Regions>",
		"Generated with weight [10] <in [Jungle] Regions>",
		"Generated with weight [15] <in [Hill] Regions>",
		"Generated with weight [5] <in [Hybrid] Regions>",
		"Generated near City States with weight [5]",
		"Doesn't generate naturally <in [Desert] tiles>",
		"Doesn't generate naturally <in [Tundra] tiles>",
		"Doesn't generate naturally <in [Snow] tiles>"
		]
    },
    {
		"name": "Tin",
		"resourceType": "Luxury",
		"terrainsCanBeFoundOn": ["Grassland"],
		"gold": 1,
		"production": 1,
		"improvementStats": {"gold": 1,"production": 1},
		"improvement": "Mine",
		"uniques": [
		"[+5]% [Production] <in cities with a [Bronze Works]> <when above [1] [Tin]>",
		"Generated with weight [35] <in [Grassland] Regions>",
		"Generated with weight [15] <in [Hybrid] Regions>",
		"Generated near City States with weight [5]"
		]
    },
    {
		"name": "Purple Dye",
		"resourceType": "Luxury",
		"terrainsCanBeFoundOn": ["Coast"],
		"gold": 2,
		"improvementStats": {"gold": 1,"culture": 1},
		"improvement": "Fishing Boats",
		"uniques": [
		"[+5]% [Gold] <in cities with a [Noble District]> <when above [1] [Purple Dye]>",
		"[+5]% [Gold] <in cities with a [Palace]> <when above [1] [Purple Dye]>",
		"[+5]% [Gold] <in cities with a [Weavery]> <when above [1] [Purple Dye]>",
		"Generated with weight [5] <in [Forest] Regions>",
		"Generated with weight [10] <in [Desert] Regions>",
		"Generated with weight [15] <in [Hill] Regions>",
		"Generated with weight [15] <in [Hybrid] Regions>",
		"Generated near City States with weight [10]"
		]
    },
    {
		"name": "Pearls",
		"resourceType": "Luxury",
		"terrainsCanBeFoundOn": ["Coast"],
		"food": 1,
		"improvementStats": {"gold": 1,"culture": 1},
		"improvement": "Fishing Boats",
		"uniques": [
		"[+5]% [Gold] <in cities with a [Jeweler]> <when above [1] [Pearls]>",
		"Generated with weight [15] <in [Jungle] Regions>",
		"Generated with weight [10] <in [Desert] Regions>",
		"Generated with weight [5] <in [Hill] Regions>",
		"Generated with weight [5] <in [Plains] Regions>",
		"Generated with weight [5] <in [Grassland] Regions>",
		"Generated with weight [5] <in [Hybrid] Regions>",
		"Generated near City States with weight [10]"
		]
    },
    {
		"name": "Crab",
		"resourceType": "Luxury",
		"terrainsCanBeFoundOn": ["Coast"],
		"food": 1,
		"improvementStats": {"gold": 1, "food": 1},
		"improvement": "Fishing Boats",
		"uniques": [
		"[+10]% growth [in all coastal cities] <when above [1] [Crab]>"
		"Generated with weight [20] <in [Tundra] Regions>",
		"Generated with weight [5] <in [Jungle] Regions>",
		"Generated with weight [10] <in [Forest] Regions>",
		"Generated with weight [5] <in [Hill] Regions>",
		"Generated with weight [10] <in [Hybrid] Regions>",
		"Generated near City States with weight [15]"
		]
    },

// Special
    {
		"name": "Silk",
		"resourceType": "Luxury",
		"gold": 2,
		"uniques": [
		"[+5]% [Gold] <in cities with a [Weavery]> <when above [1] [Silk]>",
		"[+5]% [Gold] <in cities with a [Noble District]> <when above [1] [Silk]>",
		]
    },
    {
		"name": "Spices",
		"resourceType": "Luxury",
		"gold": 2,
		"uniques": [
		"[+5]% [Gold] <in cities with a [Tavern]> <when above [1] [Spices]>",
		"[+5]% [Gold] <in cities with a [Noble District]> <when above [1] [Spices]>",
		]
    },
    {
		"name": "Silphium",
		"resourceType": "Luxury",
		"gold": 2,
		"uniques": [
		"[+5]% [Culture] <in cities with a [Herbalist]> <when above [1] [Silphium]>",
		]
    },
    {
		"name": "Scrolls",
		"resourceType": "Luxury",
		"gold": 2,
		"uniques": [
		"[+5]% [Culture] <when above [1] [Scrolls]>",
		"[+5]% [Science] <when above [1] [Scrolls]>"
		]
    },
    {
		"name": "Perfume",
		"resourceType": "Luxury",
		"gold": 2,
		"uniques": [
		"[+5]% [Gold] <in cities with a [Noble District]> <when above [1] [Perfume]>",
		"[+5]% [Gold] <in cities with a [Pleasure Chambers]> <when above [1] [Perfume]>"
		]
    },
    {
		"name": "Olive Oil",
		"resourceType": "Luxury",
		"gold": 2,
		"uniques": [
		"[+5]% [Food] <in cities with a [Market]> <when above [1] [Olive Oil]>",
		]
    },
    {
		"name": "Jewelry",
		"resourceType": "Luxury",
		"gold": 2,
		"uniques": [
		"[+5]% [Gold] <in cities with a [Noble District]> <when above [1] [Jewelry]>",
		"[+5]% [Gold] <in cities with a [Palace]> <when above [1] [Jewelry]>"
		]
    },
    {
		"name": "Glass",
		"resourceType": "Luxury",
		"gold": 2,
		"uniques": [
		"[+5]% [Gold] <in cities with a [Noble District]> <when above [1] [Glass]>",
		"[+5]% [Gold] <in cities with a [Palace]> <when above [1] [Glass]>"
		]
    },
    {
		"name": "Ceramics",
		"resourceType": "Luxury",
		"gold": 2,
		"uniques": [
		"[+10]% [Gold] <in cities with a [Great Harbor]> <when above [1] [Ceramics]>",
		"[+5]% [Gold] <in cities with a [Harbor]> <when above [1] [Ceramics]>"
		]
    },
	// Unit hidden resources		

    {
		"name": "Enable Archer",
		"resourceType": "Bonus",
		"uniques": ["Will not be displayed in Civilopedia"]
    },
    {
		"name": "Enable Slinger",
		"resourceType": "Bonus",
		"uniques": ["Will not be displayed in Civilopedia"]
    },
    {
		"name": "Enable Hoplite",
		"resourceType": "Bonus",
		"uniques": ["Will not be displayed in Civilopedia"]
    },
    {
		"name": "Enable Pike Phalanx",
		"resourceType": "Bonus",
		"uniques": ["Will not be displayed in Civilopedia"]
    },
    {
		"name": "Enable Royal Phalanx",
		"resourceType": "Bonus",
		"uniques": ["Will not be displayed in Civilopedia"]
    },
    {
		"name": "Enable Swordsman",
		"resourceType": "Bonus",
		"uniques": ["Will not be displayed in Civilopedia"]
    },
    {
		"name": "Enable Heavy Swordsman",
		"resourceType": "Bonus",
		"uniques": ["Will not be displayed in Civilopedia"]
    },
    {
		"name": "Enable Heavy Spearman",
		"resourceType": "Bonus",
		"uniques": ["Will not be displayed in Civilopedia"]
    },
    {
		"name": "Enable Chariot Archer",
		"resourceType": "Bonus",
		"uniques": ["Will not be displayed in Civilopedia"]
    },
    {
		"name": "Enable War Chariot",
		"resourceType": "Bonus",
		"uniques": ["Will not be displayed in Civilopedia"]
    },
    {
		"name": "Enable Cavalry",
		"resourceType": "Bonus",
		"uniques": ["Will not be displayed in Civilopedia"]
    },
    {
		"name": "Enable Royal Agema",
		"resourceType": "Bonus",
		"uniques": ["Will not be displayed in Civilopedia"]
    },
    {
		"name": "Enable Cataphract",
		"resourceType": "Bonus",
		"uniques": ["Will not be displayed in Civilopedia"]
    },
    {
		"name": "Enable War Elephant",
		"resourceType": "Bonus",
		"uniques": ["Will not be displayed in Civilopedia"]
    },
    {
		"name": "Enable Ballista",
		"resourceType": "Bonus",
		"uniques": ["Will not be displayed in Civilopedia"]
    },
    {
		"name": "Enable Trireme",
		"resourceType": "Bonus",
		"uniques": ["Will not be displayed in Civilopedia"]
    },
    {
		"name": "Enable Pentere",
		"resourceType": "Bonus",
		"uniques": ["Will not be displayed in Civilopedia"]
    },
    {
		"name": "Enable Hemiola",
		"resourceType": "Bonus",
		"uniques": ["Will not be displayed in Civilopedia"]
    },
    {
		"name": "Enable Hexere",
		"resourceType": "Bonus",
		"uniques": ["Will not be displayed in Civilopedia"]
    },
    {
		"name": "Enable Decere",
		"resourceType": "Bonus",
		"uniques": ["Will not be displayed in Civilopedia"]
    },
	// Other hidden resources
    {
		"name": "PunicOrNumidian",
		"resourceType": "Bonus",
		"uniques": ["Will not be displayed in Civilopedia"]
    },
	// Mercenary hidden resources
    {
		"name": "Mercenary (Celtic)",
		"resourceType": "Bonus",
		"uniques": ["Comment [Required for specific Mercenary Units]"]
    },
    {
		"name": "Mercenary (Eastern)",
		"resourceType": "Bonus",
		"uniques": ["Comment [Required for specific Mercenary Units]"]
    },
    {
		"name": "Mercenary (Mesopotamian)",
		"resourceType": "Bonus",
		"uniques": ["Comment [Required for specific Mercenary Units]"]
    },
    {
		"name": "Mercenary (Judean)",
		"resourceType": "Bonus",
		"uniques": ["Comment [Required for specific Mercenary Units]"]
    },
    {
		"name": "Mercenary (Cilician)",
		"resourceType": "Bonus",
		"uniques": ["Comment [Required for specific Mercenary Units]"]
    },
    {
		"name": "Mercenary (Germanic)",
		"resourceType": "Bonus",
		"uniques": ["Comment [Required for specific Mercenary Units]"]
    },
    {
		"name": "Mercenary (Hellenic)",
		"resourceType": "Bonus",
		"uniques": ["Comment [Required for specific Mercenary Units]"]
    },
    {
		"name": "Mercenary (Rhodian)",
		"resourceType": "Bonus",
		"uniques": ["Comment [Required for specific Mercenary Units]"]
    },
    {
		"name": "Mercenary (Cretan)",
		"resourceType": "Bonus",
		"uniques": ["Comment [Required for specific Mercenary Units]"]
    },
    {
		"name": "Mercenary (Iberian)",
		"resourceType": "Bonus",
		"uniques": ["Comment [Required for specific Mercenary Units]"]
    },
    {
		"name": "Mercenary (Illyrian)",
		"resourceType": "Bonus",
		"uniques": ["Comment [Required for specific Mercenary Units]"]
    },
    {
		"name": "Mercenary (Oscan)",
		"resourceType": "Bonus",
		"uniques": ["Comment [Required for specific Mercenary Units]"]
    },
    {
		"name": "Mercenary (Numidian)",
		"resourceType": "Bonus",
		"uniques": ["Comment [Required for specific Mercenary Units]"]
    },
    {
		"name": "Mercenary (Libyan)",
		"resourceType": "Bonus",
		"uniques": ["Comment [Required for specific Mercenary Units]"]
    },
    {
		"name": "Mercenary (Thracian)",
		"resourceType": "Bonus",
		"uniques": ["Comment [Required for specific Mercenary Units]"]
    },
    {
		"name": "Levy",
		"resourceType": "Bonus",
		"uniques": ["Comment [Required for specific Mercenary Units]"]
    },
]
