[
    {
        "name": "Civilian",
        "movementType": "Land"
    },
    {
        "name": "Scout",
        "movementType": "Land"
    },
    {
        "name": "Spear",
        "movementType": "Land"
    },
    {
        "name": "Sword",
        "movementType": "Land"
    },
    {
        "name": "Archery",
        "movementType": "Land"
    },
    {
        "name": "Mounted Archery",
        "movementType": "Land"
    },
    {
        "name": "Mounted",
        "movementType": "Land"
    },
    {
        "name": "Elephant",
        "movementType": "Land"
    },
    {
        "name": "Siege",
        "movementType": "Land"
    },
    {
        "name": "King",
        "movementType": "Land"
    },
    {
        "name": "Civilian Water",
        "movementType": "Water"
    },
    {
        "name": "Melee Water",
        "movementType": "Water"
    },
    {
        "name": "Ranged Water",
        "movementType": "Water"
    },

    // Deprecated unit types required for mods without a UnitTypes.json file to work

    {
        "name": "Melee",
        "movementType": "Land"
    },
    {
        "name": "Ranged",
        "movementType": "Land"
    },
    {
        "name": "Armor",
        "movementType": "Land"
    },
    {
        "name": "WaterCivilian",
        "movementType": "Water"
    },
    {
        "name": "WaterMelee",
        "movementType": "Water"
    },
    {
        "name": "WaterRanged",
        "movementType": "Water"
    },
    {
        "name": "WaterSubmarine",
        "movementType": "Water"
    },
    {
        "name": "WaterAircraftCarrier",
        "movementType": "Water"
    },
    {
        "name": "AtomicBomber",
        "movementType": "Air"
    }
]
