[
	// Rank 0
	{
		"name": "Heal Instantly",
		"uniques": ["[This Unit] heals [75] HP", "Doing so will consume this opportunity to choose a Promotion"],
		"unitTypes": ["Sword","Spear","Mounted","Mounted Archery","Scout","Siege","Archery","Elephant","Melee Water","Ranged Water","King"],
        "column": 0,
        "row": 0
        },
	// Rank 1
	{
		"name": "Medic I",
		"uniques": ["[+3] HP when healing","All adjacent units heal [+2] HP when healing"],
		"unitTypes": ["Sword","Spear","Mounted","Mounted Archery","Archery","Elephant","Scout"],
        "column": 1,
        "row": 1
	},
	{
		"name": "Medic II",
		"prerequisites": ["Medic I","Survivalism I"],
		"uniques": ["[+3] HP when healing","All adjacent units heal [+3] HP when healing","[+50]% weight to this choice for AI decisions"],
		"unitTypes": ["Sword","Spear","King","Archery","Elephant"],
        "column": 1,
        "row": 2
	},
	{
		"name": "Medic III",
		"prerequisites": ["Medic II","Foraging II"],
		"uniques": ["[+3] HP when healing","All adjacent units heal [+5] HP when healing","[+50]% weight to this choice for AI decisions"],
		"unitTypes": ["Sword","Spear","King","Archery","Elephant"],
        "column": 1,
        "row": 3
	},
	// Rank 2
	{
		"name": "Survivalism I",
		"uniques": ["[+2] HP when healing", "[+5]% Strength <when defending>","[+50]% weight to this choice for AI decisions"],
		"unitTypes": ["Scout","Archery","Mounted","Mounted Archery","Sword","Spear","Siege","King"],
        "column": 2,
        "row": 1
	},
	{
		"name": "Survivalism II",
		"prerequisites": ["Survivalism I"],
		"uniques": [
			"[+2] HP when healing", 
			"[+10]% Strength <when defending>", 
],
		"unitTypes": ["Scout"],
        "column": 2,
        "row": 2
	},
	{
		"name": "Survivalism III",
		"prerequisites": ["Survivalism II"],
		"uniques": [
			"Unit will heal every turn, even if it performs an action", 
			"[+20]% Strength <vs cities> <when defending>"
			"[+50]% weight to this choice for AI decisions",
],
		"unitTypes": ["Scout"],
        "column": 2,
        "row": 3
	},
	{
		"name": "Foraging I",
		"uniques": [
			"[+5] HP when healing <in [Foreign Land] tiles>",
    			"[+10]% Yield from pillaging tiles",
],
		"unitTypes": ["Sword","Spear","Mounted","Mounted Archery","Siege","Archery","Elephant","Scout","King"],
        "column": 3,
        "row": 1
	},
	{
		"name": "Foraging II",
		"prerequisites": ["Foraging I","Survivalism I"],
		"uniques": [
			"[+5] HP when healing <in [Foreign Land] tiles>",
    			"[+10]% Yield from pillaging tiles",
],
		"unitTypes": ["Mounted","Mounted Archery","Scout","King"],
        "column": 3,
        "row": 2
	},
	{
		"name" : "Supply",
		"uniques": ["May heal outside of friendly territory","[+10] HP when healing <in [Foreign Land] tiles>","[+20]% Strength <vs cities> <when defending>"],
		"unitTypes": ["Melee Water","Ranged Water"],
        "column": 29,
        "row": 1
	},
	// Rank 3
	{
		"name": "Scouting I",
		"uniques": ["[+1] Sight"],
		"unitTypes": ["Sword","Spear","Mounted","Mounted Archery","Scout","Archery","Elephant","Melee Water","Ranged Water","King"],
        "column": 4,
        "row": 1
	},
	{
		"name": "Scouting II",
		"prerequisites": ["Scouting I"],
		"uniques": ["[+1] Movement"],
		"unitTypes": ["Mounted","Mounted Archery","Scout","Melee Water","Sword","Spear","Archery","King"],
        "column": 4,
        "row": 2
	},
	{
		"name": "Scouting III",
		"prerequisites": ["Scouting II"],
		"uniques": ["[+1] Sight","[+10]% Strength <when fighting in [Hill] tiles>","[+10]% Strength <vs cities> <when defending>"],
		"unitTypes": ["Mounted","Mounted Archery","Scout","Melee Water","Sword","Spear","Archery","King"],
        "column": 4,
        "row": 3
	},
	// Rank 4
	{
		"name": "Marksman I",
		"uniques": ["[+20]% Strength <when attacking> <when fighting in [Open terrain] tiles>"],
		"unitTypes": ["Siege","Archery","Mounted Archery"],
        "column": 5,
        "row": 1
	},
	{
		"name": "Marksman II",
		"prerequisites": ["Marksman I"],
		"uniques": ["[+20]% Strength <when attacking> <when fighting in [Open terrain] tiles>"],
		"unitTypes": ["Siege","Archery","Mounted Archery"],
        "column": 5,
        "row": 2
	},
	{
		"name": "Marksman III",
		"prerequisites": ["Marksman II"],
		"uniques": [
			"[+20]% Strength <when attacking> <when fighting in [Open terrain] tiles>",
			"[+10]% Strength <vs cities>"
],
		"unitTypes": ["Siege","Archery","Mounted Archery"],
        "column": 5,
        "row": 3
	},
	{
		"name": "Shock I",
		"uniques": ["[+20]% Strength <when attacking>"],
		"unitTypes": ["Sword","Spear","Mounted","Elephant","King","Scout"],
        "column": 6,
        "row": 1
	},
	{
		"name": "Shock II",
		"prerequisites": ["Shock I"],
		"uniques": [
			"[+20]% Strength <when attacking>"
],
		"unitTypes": ["Sword","Spear","Mounted","Elephant","King","Scout"],
        "column": 6,
        "row": 2
	},
	{
		"name": "Shock III",
		"prerequisites": ["Shock II"],
		"uniques": [
			"[+10]% Strength <when attacking>",
			"[+10]% Strength <vs [Wounded] units>",
			"[+20]% Strength <vs cities>"
],
		"unitTypes": ["Sword","Spear","Mounted","Elephant","King","Scout"],
        "column": 6,
        "row": 3
	},
	{
		"name": "Ramming Tactics I",
		"uniques": ["[+10]% Strength <vs [Water] units>","[+10]% Strength <vs [Embarked] units>"],
		"unitTypes": ["Melee Water"],
        "column": 7,
        "row": 1
	},
	{
		"name": "Ramming Tactics II",
		"prerequisites": ["Ramming Tactics I"],
		"uniques": ["[+10]% Strength <vs [Water] units>","[+10]% Strength <vs [Embarked] units>"],
		"unitTypes": ["Melee Water"],
        "column": 7,
        "row": 2
	},
	{
		"name": "Ramming Tactics III",
		"prerequisites": ["Ramming Tactics II"],
		"uniques": ["[+10]% Strength <vs [Water] units>","[+10]% Strength <vs [Embarked] units>","[+20]% Strength <vs cities>"],
		"unitTypes": ["Melee Water"],
        "column": 7,
        "row": 3
	},
	{
		"name": "Targeting I",
		"uniques": ["[+10]% Strength <vs [Water] units>","[+10]% Strength <vs [Land] units>"],
		"unitTypes": ["Ranged Water"],
        "column": 8,
        "row": 1
	},
	{
		"name": "Targeting II",
		"prerequisites": ["Targeting I"],
		"uniques": ["[+10]% Strength <vs [Water] units>","[+10]% Strength <vs [Land] units>"],
		"unitTypes": ["Ranged Water"],
        "column": 8,
        "row": 2
	},
	{
		"name": "Targeting III",
		"prerequisites": ["Targeting II"],
		"uniques": ["[+10]% Strength <vs [Water] units>","[+10]% Strength <vs [Land] units>","[+20]% Strength <vs cities>"],
		"unitTypes": ["Ranged Water"],
        "column": 8,
        "row": 3
	},
	// Rank 5
	{
		"name": "Positioning I",
		"uniques": ["[+20]% Strength <when defending> <when fighting in [Rough terrain] tiles>"],
		"unitTypes": ["Siege","Archery","Mounted Archery", "Sword","Spear","Mounted","Elephant"],
        "column": 9,
        "row": 1
	},
	{
		"name": "Positioning II",
		"prerequisites": ["Positioning I"],
		"uniques": ["[+20]% Strength <when defending> <when fighting in [Rough terrain] tiles>"],
		"unitTypes": ["Siege","Archery","Mounted Archery"],
        "column": 9,
        "row": 2
	},
	{
		"name": "Positioning III",
		"prerequisites": ["Positioning II"],
		"uniques": ["[+20]% Strength <when defending> <when fighting in [Rough terrain] tiles>","[+20]% Strength <when defending> <vs cities>"],
		"unitTypes": ["Siege","Archery","Mounted Archery"],
        "column": 9,
        "row": 3
	},
	{
		"name": "Drill I",
		"uniques": ["[+10]% Strength <when defending>"],
		"unitTypes": ["Sword","Spear","Mounted","Elephant","Archery","Siege","King"],
        "column": 10,
        "row": 1
	},
	{
		"name": "Drill II",
		"prerequisites": ["Drill I", "Positioning II", "Marksman II"],
		"uniques": ["[+20]% Strength <when defending>"],
		"unitTypes": ["Sword","Spear","Mounted","Elephant","King"],
        "column": 10,
        "row": 2
	},
	{
		"name": "Drill III",
		"prerequisites": ["Drill II"],
		"uniques": ["[+20]% Strength <when defending>","[+20]% Strength <when defending> <vs cities>"],
		"unitTypes": ["Sword","Spear","Mounted","Elephant","King"],
        "column": 10,
        "row": 3
	},
	{
		"name": "Bombardment I",
		"uniques": ["[+10]% Strength <when attacking> <vs [Land] units>","[+10]% Strength <vs cities>"],
		"unitTypes": ["Ranged Water"],
        "column": 11,
        "row": 1
	},
	{
		"name": "Bombardment II",
		"prerequisites": ["Bombardment I"],
		"uniques": ["[+10]% Strength <when attacking> <vs [Land] units>","[+10]% Strength <vs cities>"],
		"unitTypes": ["Ranged Water"],
        "column": 11,
        "row": 2
	},
	{
		"name": "Bombardment III",
		"prerequisites": ["Bombardment II"],
		"uniques": ["[+10]% Strength <when attacking> <vs [Land] units>","[+10]% Strength <vs cities>"],
		"unitTypes": ["Ranged Water"],
        "column": 11,
        "row": 3
	},
	{
		"name": "Boarding Tactics",
		"uniques": ["May capture killed [Water] units"],
		"unitTypes": ["Melee Water"],
        "column": 12,
        "row": 1
	},
	// Rank 6
	{
		"name": "Siege I",
		"uniques": ["[+30]% Strength <vs cities>"],
		"unitTypes": ["Siege"],
        "column": 13,
        "row": 1
	},
	{
		"name": "Siege II",
		"prerequisites": ["Siege I"],
		"uniques": ["[+50]% Strength <vs cities>"],
		"unitTypes": ["Siege"],
        "column": 13,
        "row": 2
	},
	{
		"name": "Siege III",
		"prerequisites": ["Siege II"],
		"uniques": ["[+70]% Strength <vs cities>","[+1] Sight"],
		"unitTypes": ["Siege"],
        "column": 13,
        "row": 3
	},
	{
		"name": "Assault I",
		"uniques": ["[+15]% Strength <vs cities>","[+10]% Strength <when fighting in [Barbarian encampment] tiles>"],
		"unitTypes": ["Sword","Spear","King"],
        "column": 14,
        "row": 1
	},
	{
		"name": "Assault II",
		"prerequisites": ["Assault I"],
		"uniques": ["[+35]% Strength <vs cities>","[+10]% Strength <when fighting in [Barbarian encampment] tiles>"],
		"unitTypes": ["Sword","Spear","King"],
        "column": 14,
        "row": 2
	},
	{
		"name": "Assault III",
		"prerequisites": ["Assault II"],
		"uniques": ["[+50]% Strength <vs cities>","[+10]% Strength <when fighting in [Barbarian encampment] tiles>"],
		"unitTypes": ["Sword"],
        "column": 14,
        "row": 3
	},
	{
		"name": "Coastal Raider I",
		"uniques": ["[+20]% Strength <vs cities> ","Earn [10]% of the damage done to [City] units as [Gold]",
		"Withdraws before melee combat <with [5]% chance>"],
		"unitTypes": ["Melee Water"],
        "column": 15,
        "row": 1
	},
	{
		"name": "Coastal Raider II",
		"prerequisites": ["Coastal Raider I"],
		"uniques": ["[+30]% Strength <when attacking> <vs cities>","Earn [20]% of the damage done to [City] units as [Gold]",
		"Withdraws before melee combat <with [5]% chance>"],
		"unitTypes": ["Melee Water"],
        "column": 15,
        "row": 2
	},
	{
		"name": "Coastal Raider III",
		"prerequisites": ["Coastal Raider II"],
		"uniques": [
			"[+40]% Strength <when attacking> <vs cities>",
 "Earn [30]% of the damage done to [City] units as [Gold]",
			"Upon capturing a city, receive [3] times its [Gold] production as [Gold] immediately"],
		"unitTypes": ["Melee Water"],
        "column": 15,
        "row": 3
	},
	// Rank 7
	{
		"name": "Formation I",
		"uniques": [
     "[+10]% Strength <vs [Mounted] units>",
    			"[+20]% Strength <when attacking> <vs [Mounted Archery] units>",
    			"[+5]% Strength <when defending> <vs [Ranged] units>",
],
		"unitTypes": ["Spear", "Sword"],
        "column": 16,
        "row": 2
	},
	{
		"name": "Formation II",
		"prerequisites": ["Formation I"],
		"uniques": [
			"[+10]% Strength <when defending> <vs [Mounted] units>",
			"[+10]% Strength <vs [Melee] units>",
],
		"unitTypes": ["Spear"],
        "column": 16,
        "row": 3
	},
	{
		"name": "Formation III",
		"prerequisites": ["Formation II"],
		"uniques": [
     "[+10]% Strength <for [Military] units> <when adjacent to a [Military] unit>",
			"[+10]% Strength <vs [Mounted] units>",
			"[+5]% Strength <when defending> <vs [Ranged] units>"]
		"unitTypes": ["Spear"],
        "column": 16,
        "row": 4
	},
	{
		"name": "Charge I",
		"uniques": [
			"[+10]% Strength <when attacking>",
			"[+5]% Strength <vs [Melee] units>"
		],
		"unitTypes": ["Mounted","King"],
        "column": 17,
        "row": 1
	},
	{
		"name": "Charge II",
		"prerequisites": ["Charge I"],
		"uniques": [
  "[+10]% Strength <when attacking>",
			"[+5]% Strength <vs [Melee] units>"
		],
		"unitTypes": ["Mounted","King"],
        "column": 17,
        "row": 2
	},
	{
		"name": "Charge III",
		"prerequisites": ["Charge II"],
		"uniques": [
			"[+10]% Strength <vs [Melee] units>",
	],
		"unitTypes": ["Mounted","King"],
        "column": 17,
        "row": 3
	},
	{
		"name": "Trample I",
		"uniques": [
			"[+10]% Strength <when defending> <vs [Melee] units>",
			"[+10]% Strength <when attacking> <vs [Sword] units>",
			"[+10]% Strength <when attacking> <vs [Mounted] units>",
],
		"unitTypes": ["Elephant"],
        "column": 18,
        "row": 1
	},
	{
		"name": "Trample II",
		"prerequisites": ["Trample I"],
		"uniques": [
			"[+10]% Strength <vs [Melee] units> <when defending>",
			"[+10]% Strength <vs [Sword] units> <when attacking>",
			"[+10]% Strength <vs [Mounted] units> <when attacking>"
],
		"unitTypes": ["Elephant"],
        "column": 18,
        "row": 2
	},
	{
		"name": "Trample III",
		"prerequisites": ["Trample II"],
		"uniques": [
			"[+10]% Strength <vs [Melee] units> <when defending>",
			"[+20]% Strength <vs [Sword] units> <when attacking>",
			"[+10]% Strength <vs [Mounted] units> <when attacking>",
		"Eliminates combat penalty for attacking over a river"
],
		"unitTypes": ["Elephant"],
        "column": 18,
        "row": 3
	},
	// Rank 8
	{
		"name": "Ambush I",
		"uniques": [
			"Invisible to non-adjacent units <in [Forest] tiles>",
			"Invisible to non-adjacent units <in [Jungle] tiles>"
],
		"unitTypes": ["Sword","Spear","Mounted","Mounted Archery","Scout","Archery","King"],
        "column": 19,
        "row": 1
	},
	{
		"name": "Ambush II",
		"prerequisites": ["Ambush I"],
		"uniques": [
			"[+10]% Strength <when fighting in [Forest] tiles>",
			"[+10]% Strength <when fighting in [Jungle] tiles>"
],
		"unitTypes": ["Sword","Spear","Scout","Mounted","Mounted Archery","Archery","King"],
        "column": 19,
        "row": 2
	},
	{
		"name": "Ambush III",
		"prerequisites": ["Ambush II"],
		"uniques": [
			"Invisible to non-adjacent units <in [pillaged] tiles>",
			"[+10]% Strength <when fighting in [Forest] tiles>",
			"[+10]% Strength <when fighting in [Jungle] tiles>",
			"[+10]% Strength <vs [Wounded] units> <when attacking>",
],
		"unitTypes": ["Sword","Spear","Scout","Mounted","Mounted Archery","Archery","King"],
        "column": 19,
        "row": 3
	},
	{
		"name": "Woodsman",
		"prerequisites": ["Ambush III","Veteran"],
		"uniques": [
                	"[+1] Movement <in [Forest] tiles>",
                	"[+1] Movement <in [Jungle] tiles>",
			"[+10]% Strength <when fighting in [Forest] tiles>",
			"[+10]% Strength <when fighting in [Jungle] tiles>"],
		"unitTypes": ["Sword","Spear","Archery", "Scout","King"],
        "column": 19,
        "row": 4
	},
	// Rank 9
	{
		"name": "Amphibious I",
		"uniques": [
		"Eliminates combat penalty for attacking over a river",
		"Eliminates combat penalty for attacking across a coast",
		],
		"unitTypes": ["Sword","Spear","Archery","Scout","Elephant","King"],
        "column": 20,
        "row": 1
	},
	{
		"name": "Amphibious II",
		"prerequisites": ["Amphibious I"],
		"uniques": [
		"[0] Movement point cost to disembark",
		"[1] Movement point cost to embark",
		"[+30]% Strength <when defending> <when [Embarked]>",
 		"[+10]% Strength <when fighting in [Foreign Land] tiles>"
		],
		"unitTypes": ["Sword","Spear","Archery","Scout","King"],
        "column": 20,
        "row": 2
	},
	{
		"name": "Blitz",
		"prerequisites": ["Marksman III","Positioning III", "Shock III","Scouting III","Ramming Tactics III","Coastal Raider III","Bombardment III","Raider III"],
		"uniques": [
				"[1] additional attacks per turn",
 				"[-20]% Strength <when attacking>",
				"[-20]% to Flank Attack bonuses",
			  	"[+50]% weight to this choice for AI decisions"],
		"unitTypes": ["Mounted Archery", "Mounted", "Sword","Spear","Archery","Siege","Ranged Water","Melee Water","King"],
        "column": 21,
        "row": 1
	},
	{
		"name": "Landing Party",
		"uniques": ["Eliminates combat penalty for attacking across a coast",
 		"[+10]% Strength <when fighting in [Foreign Land] tiles>"],
		"unitTypes": ["Melee Water"],
        "column": 22,
        "row": 1
	},
	// Rank 10
	{
		"name": "Flanking",
		"prerequisites": ["Charge III","Drill III","Ramming Tactics III","Scouting III","Shock III"],
		"uniques": ["[+40]% to Flank Attack bonuses"],
		"unitTypes": ["Sword","Spear","Mounted","Elephant","Melee Water","King"],
        "column": 23,
        "row": 1
	},
	{
		"name": "Indirect Fire",
		"prerequisites": ["Marksman III","Positioning III","Bombardment II", "Targeting III"],
		"uniques": ["Ranged attacks may be performed over obstacles"],
		"unitTypes": ["Archery","Mounted Archery","Siege","Ranged Water"],
        "column": 24,
        "row": 1
	},
	// Rank 12
	{
		"name": "Raider I",
		"uniques": [
    		"[+20]% Yield from pillaging tiles",
 		"[+10]% Strength <when fighting in [Foreign Land] tiles>"
],
		"unitTypes": ["Sword","Spear","Mounted","Mounted Archery","Scout","Archery","Melee Water","King"],
        "column": 25,
        "row": 1
	},
	{
		"name": "Raider II",
		"prerequisites": ["Raider I"],
		"uniques": [
     "No movement cost to pillage"
],
		"unitTypes": ["Sword","Spear","Mounted","Scout","Mounted Archery"],
        "column": 25,
        "row": 2
	},
	{
		"name": "Raider III",
		"prerequisites": ["Raider II","Foraging II"],
		"uniques": [
			"Upon capturing a city, receive [3] times its [Gold] production as [Gold] immediately",
			"Earn [50]% of the damage done to [City] units as [Gold]",
			"[+10]% Strength <when fighting in [pillaged] tiles>",
],
		"unitTypes": ["Sword","Spear","Mounted","Scout"],
        "column": 25,
        "row": 3
	},
	// Rank 13

	{
		"name": "Bronze Ram",
		"unitTypes": ["Melee Water"],
		"uniques": [
		"[+10]% Strength <vs [Water] units>",
		"[+20]% Strength <vs [Embarked] units>",
		"Only available <if [Bronze Works] is constructed>",
		],
        "column": 26,
        "row": 1
	},
	{
		"name": "Improved Equipment",
		"unitTypes": ["Sword","Spear","Mounted","Mounted Archery","Scout","Siege","Archery","Elephant"],
		"uniques": [
		"[+10]% Strength",
		"Only available <if [Forge] is constructed>",
		],
        "column": 27,
        "row": 1
	},
	// Base Units
	{
		"name": "[Skirmisher] ability",
		"uniques": [
		"Withdraws before melee combat <with [35]% chance>",
		]
	},
	{
		"name": "[Archer] ability",
		"uniques": [
		"[+10]% Strength <when attacking> <vs [Mounted] units>",
		"[+10]% Strength <when attacking> <vs [Ambush I] units>",
		"[+10]% Strength <when attacking> <when fighting in [Open terrain] tiles>",
		"Withdraws before melee combat <with [10]% chance>",
		]
	},
	{
		"name": "[Slinger] ability",
		"uniques": [
		"[+10]% Strength <when attacking> <vs [Archery] units>",
		"[+10]% Strength <when attacking> <vs [Mounted Archery] units>",
		"[+10]% Strength <when defending> <when fighting in [Hill] tiles>",
		"Withdraws before melee combat <with [10]% chance>",
		]
	},
	{
		"name": "[Spearman] ability",
		"uniques": [
		"[+30]% Strength <when attacking> <vs [Mounted] units>",
		"[+50]% Strength <when defending> <vs [Mounted] units>",
		"[+20]% Strength <vs [Elephant] units>",
		"[+10]% Strength <when defending> <when fighting in [Open terrain] tiles>",
		"Withdraws before melee combat <with [3]% chance>",
		]
	},
	{
		"name": "[Pike Phalanx] ability",
		"uniques": [
		"[+70]% Strength <vs [Mounted] units>",
		"[+50]% Strength <vs [Elephant] units>",
		"[+50]% Strength <when defending> <vs [Melee] units>",
		"[+10]% Strength <when defending> <when fighting in [Open terrain] tiles>",
		"[-20]% Strength <when defending> <vs [Ranged] units>",
		"[-20]% Strength <when fighting in [Rough terrain] tiles>",
		"Withdraws before melee combat <with [1]% chance>",
		]
	},
	{
		"name": "[Royal Phalanx] ability",
		"uniques": [
		"[+10]% Strength <vs cities>",
		"[+70]% Strength <vs [Mounted] units>",
		"[+50]% Strength <vs [Elephant] units>",
		"[+60]% Strength <when defending> <vs [Melee] units>",
		"[+10]% Strength <when defending> <when fighting in [Open terrain] tiles>",
		"[-20]% Strength <when defending> <vs [Ranged] units>",
		"[-20]% Strength <when fighting in [Rough terrain] tiles>",
		"Withdraws before melee combat <with [1]% chance>",
		]
	},
	{
		"name": "[Horseman] ability",
		"uniques": [
		"Ignores terrain cost",
		"[+30]% to Flank Attack bonuses",
		"[-40]% Strength <when attacking> <vs cities>",
		"[+10]% Strength <when attacking> <vs [Wounded] units>",
		"[-10]% Strength <when defending> <when fighting in [Hill] tiles>",
		"No defensive terrain bonus",
		"Withdraws before melee combat <with [40]% chance>",
		]
	},
	{
		"name": "[Camel Archer] ability",
		"uniques": [
		"[+30]% Strength <when defending> <when fighting in [Desert] tiles>",
		"[-20]% Strength <when defending> <vs [Ranged] units>",
		"No defensive terrain bonus",
		"Withdraws before melee combat <with [20]% chance>",
		"Withdraws before melee combat <with [40]% chance> <when fighting in [Desert] tiles>",
		]
	},
	{
		"name": "Chariot ability",
		"uniques": [
		"[-20]% Strength <when attacking> <vs cities>",
		"[+20]% Strength <when fighting in [Desert] tiles>",
		"[+20]% Strength <when fighting in [Open terrain] tiles>",
		"[-30]% Strength <when fighting in [Rough terrain] tiles>",
		"No defensive terrain bonus", 
		"Withdraws before melee combat <with [15]% chance>"
		]
	},
	{
		"name": "[Cavalry] ability",
		"uniques": [
		"[+20]% to Flank Attack bonuses",
		"[-30]% Strength <when attacking> <vs cities>",
		"[+20]% Strength <when attacking> <vs [Archery] units>",
		"[+30]% Strength <when attacking> <vs [Scout] units>",
		"[-20]% Strength <when fighting in [Rough terrain] tiles>",
		"No defensive terrain bonus",
		"Withdraws before melee combat <with [20]% chance>",
		]
	},
	{
		"name": "[Cataphract] ability",
		"uniques": [
		"[+20]% to Flank Attack bonuses",
		"[-20]% Strength <when attacking> <vs cities>",
		"[+25]% Strength <when defending> <vs [Ranged] units>",
		"[+70]% Strength <when attacking> <vs [Archery] units>",
		"[-20]% Strength <when fighting in [Rough terrain] tiles>",
                "[+10]% Strength <when defending> <after adopting [Latin Culture]>",
                "[-20]% Strength <when attacking> <after adopting [Latin Culture]>",
		"No defensive terrain bonus",
		"Withdraws before melee combat <with [5]% chance>",
		]
	},
	{
		"name": "[War Elephant] ability",
		"uniques": [
		"No defensive terrain bonus", 
		"[-15]% Strength for enemy [Military] units in adjacent [All] tiles",
		"[+30]% Strength <vs [Mounted] units>",
		"[+25]% Strength <when defending> <vs [Sword] units>",
		"[-10]% Strength <when defending> <vs [Archery] units>"
		"Withdraws before melee combat <with [5]% chance>",
		]
	},
	// Weapons Armor Training
	{
		"name": "Morale",
		"uniques": ["[20]% Strength decreasing with distance from the capital <when defending>",
			"[10]% Strength decreasing with distance from the capital <when attacking>"
				]
	},
	{
		"name": "Infantry Shield I",
		"uniques": [
		"[+15]% Strength <vs [Ranged] units>",
		"[+20]% Strength <when defending> <vs cities>",
		"Withdraws before melee combat <with [3]% chance>",
		]
	},
	{
		"name": "Infantry Shield II",
		"uniques": [
		"[+25]% Strength <when defending> <vs [Ranged] units>",
		"[+35]% Strength <when defending> <vs cities>",
		"Withdraws before melee combat <with [2]% chance>",
		]
	},
	{
		"name": "Infantry Shield III",
		"uniques": [
		"[+35]% Strength <when defending> <vs [Ranged] units>",
		"[+40]% Strength <when defending> <vs cities>",
		"Withdraws before melee combat <with [1]% chance>",
		]
	},
	{
		"name": "Cavalry Shield I",
		"uniques": [
		"[+15]% Strength <vs [Ranged] units>",
		"[+20]% Strength <vs cities> <when defending>"
		]
	},
	{
		"name": "Cavalry Shield II",
		"uniques": [
		"[+25]% Strength <when defending> <vs [Ranged] units>",
		"[+30]% Strength <when defending> <vs cities>"
		]
	},
	{
		"name": "Armored Lancer",
		"uniques": [
		"[+10]% Strength,
		"[+10]% Strength <when defending> <vs [Ranged] units>",
		"[+30]% Strength <when defending> <vs cities>",
		]
	},
	{
		"name": "Lancer",
		"uniques": [
		"[+10]% Strength <when attacking>,
		"[+20]% Strength <when defending> <vs cities>",
		]
	},
	// Ships
	{
		"name": "[Hemiola] ability",
		"uniques": [
		"Ignores Zone of Control",
		"Withdraws before melee combat <with [30]% chance>"
		]
	},
	{
		"name": "War Transports",
		"uniques": [
		"May attack when embarked <when fighting in [Water] tiles>",
		]
	},
	{
		"name": "Warship",
		"uniques": [
		"[+30]% Strength <vs [Embarked] units>"
		]
	},
	// Uniques Units and Civ uniques
	{
		"name": "Berserker",
		"unitTypes": ["Sword","Spear","Mounted","Mounted Archery","Scout","Archery","Melee Water"],
		"prerequisites": ["Blitz","Veteran"],
		"uniques": ["No damage penalty for wounded units"]
	},
	{
		"name": "Spartan Aura",
		"uniques": [
		"[-15]% Strength for enemy [{Melee} {Land}] units in adjacent [All] tiles",
		"Earn [15]% of killed [Military] unit's [Strength] as [Culture]"
		]
	},
	{
		"name": "Camels Scare Horses",
		"uniques": ["[+20]% Strength <when defending> <vs [Mounted] units>"]
	},
	{
		"name": "Caucasian Stronghold",
		"uniques": ["[30]% Strength decreasing with distance from the capital <when defending>",
			"[25]% Strength decreasing with distance from the capital <when attacking>"
				]
	},
	{
		"name": "[Gaesatae] ability",
		"uniques": [
		"[+30]% Strength <vs [Sword] units>",
		"[+20]% Strength <vs [Spear] units>",
		"[+30]% Strength <when attacking>",
		"[-20]% Strength <when defending> <vs [Archery] units>",
		]
	},
	{
		"name": "[Thracian Warband] ability",
		"uniques": [
		"[+20]% Strength <vs [Sword] units>",
		"[+20]% Strength <vs [Mounted] units>",
		"[+20]% Strength <in [Forest] tiles>",
		"[+20]% Strength <in [Jungle] tiles>",

		]
	},
	{
		"name": "[Falxman] ability",
		"uniques": [
		"[+30]% Strength <when attacking> <vs [Spear] units>",
		"[+80]% Strength <when attacking> <vs [Sword] units>",
		"[+30]% Strength <when defending> <vs [Sword] units>",
		"[-15]% Strength <when defending> <vs [Archery] units>",
		]
	},
	{
		"name": "Iron Darts",
		"unitTypes": ["Archery"],
		"prerequisites": ["Marksman III","Positioning III"],
		"uniques": [
		"[+10]% Strength <when attacking>",
		]
        "column": 5,
        "row": 4
	},
	{
		"name": "Desert Warrior",
		"unitTypes": ["Sword","Spear","Mounted","Mounted Archery","Scout","Archery","Siege","King"],
		"prerequisites": ["Scouting III","Veteran"],
		"uniques": [
		"[+10]% Strength <when fighting in [Desert] tiles>",
                "[+1] Movement <in [Desert] tiles>",
		],
        "column": 27,
        "row": 6
	},
	{
		"name": "Art of War",
		"unitTypes": ["King"],
		"uniques": [
			"Only available <if [Barracks] is constructed>",
			"[+1] XP gained from combat",
		],
        "row": 5,
	"column": 5
	},
	{
		"name": "Art of War II",
		"prerequisites": ["Art of War"],
		"unitTypes": ["King"],
		"uniques": [
			"[+10]% Strength bonus for [{Melee} {Land}] units within [2] tiles <when attacking>",
			"[+10]% Strength bonus for [{Ranged} {Land}] units within [2] tiles <when attacking>",
			"Only available <if [Barracks] is constructed>",
		],
        "row": 5,
	"column": 6
	},
	{
		"name": "Art of War III",
		"prerequisites": ["Art of War"],
		"unitTypes": ["King"],
		"uniques": [
			"All adjacent units heal [+5] HP when healing <when stacked with a [Worker] unit>",
			"[+5] HP when healing <when stacked with a [Worker] unit>",
			"Only available <if [Barracks] is constructed>",
		],
        "row": 5,
	"column": 7
	},
	// Uniques that should be kept on upgrades

	{
		"name": "Rejuvenation", // only for Units that have been close to Natural Wonder Fountain of Youth
		"uniques": ["All healing effects doubled"]
	},
	{
		"name": "[Mountaineer]",
		"prerequisites": ["Scouting III","Veteran"],
		"unitTypes": ["Sword","Spear","Mounted","Mounted Archery","Scout","Archery","Siege","King"],
		"uniques": [
			"[+20]% Strength <when fighting in [Snow] tiles>",
			"[+20]% Strength <when fighting in [Tundra] tiles>",
			"[+10]% Strength <when fighting in [Hill] tiles>",
			"Double movement in [Snow]",
			"Double movement in [Tundra]",
]
        "column": 28,
        "row": 6
	},
	{
		"name": "Ignore terrain cost",
		"unitTypes": ["Mounted","Mounted Archery","Archery","King"],
		"prerequisites": ["Scouting II", "Positioning II","Amphibious II"],
		"uniques": ["Ignores terrain cost","[+5]% Strength <when defending>"]
        "column": 9,
	"row": 6
	},
	
	{
		"name": "[Looting]",
		"unitTypes": ["Mounted Archery", "Mounted", "Sword","Spear","Archery","Siege","Ranged Water","Melee Water"],
		"prerequisites": ["Raider II","Foraging II"],
		"uniques": [
			"Earn [25]% of killed [Military] unit's [Strength] as [Gold]",
],
        "column": 29,
        "row": 2
	},

	{
		"name": "[Siege Expert] ability",
		"unitTypes": ["Siege"],
		"prerequisites": ["Veteran"],
		"uniques": [
			"[+10]% Strength <when stacked with a [Worker] unit>",
			"[+20]% Strength <when stacked with a [Great Engineer] unit>",
			"[+10]% Strength <when defending>"],
        "column": 30,
        "row": 6
	},
	{
		"name": "Veteran",
		"prerequisites": ["Medic III","Ambush III","Marksman III","Positioning III", "Shock III","Scouting III","Ramming Tactics III","Coastal Raider III","Bombardment III","Flanking","Charge III","Siege III","Survivalism III","Raider III","Assault III","Trample III","Drill III","Formation III"],
		"unitTypes": ["Sword","Spear","Mounted","Scout","Melee Water","Siege","King"],
		"uniques": [
			"[This Unit] heals [7] HP <upon losing at least [10] HP in a single attack>",
			"[+10]% Strength <when defending>",
			"[+100]% weight to this choice for AI decisions",
],
        "column": 31,
        "row": 4
	},
	{
		"name": "[Maneuver]",
  		"prerequisites": ["Positioning III","Drill III","Charge III","Scouting III"],
		"unitTypes": ["Sword","Spear","Mounted","Mounted Archery","Scout","Archery","Melee Water","King"],
		"uniques": ["Can move after attacking"],
        "column": 32,
        "row": 4
	},
	{
		"name": "[Standard Bearer]",
		"prerequisites": ["Veteran"],
		"unitTypes": ["Sword","Spear","Mounted","Mounted Archery","Elephant","King"],
		"uniques": [
			"[+12]% Strength bonus for [Military] units within [1] tiles",
			"[+10]% Strength bonus for [Military] units within [2] tiles <when defending>",
			"[+5]% Strength bonus for [Military] units within [3] tiles <when defending>",
			"[+5]% Strength <when defending>",
],
        "column": 33,
        "row": 5
	},
	{
		"name": "Improved Armor",
		"unitTypes": ["Sword","Spear","Mounted","Mounted Archery","Scout","Archery","Siege","King","Elephant"],
		"uniques": ["[+10]% Strength <when defending>",
			"Only available <if [Imperial Armory] is constructed>",]
	},
	{
  		"name": "[Siege Logistics]",
  		"prerequisites": ["Veteran"],
  		"unitTypes": ["Siege"],
  		"uniques": [
    			"[+10]% Strength <when stacked with a [Worker] unit>","[+5] HP when healing","[+10]% Strength <when defending>"],
        "column": 34,
        "row": 6
	},
	{
 		"name": "Inspiring",
  		"prerequisites": ["Veteran"],
  		"unitTypes": ["Sword", "Spear", "Mounted", "Mounted Archery", "Scout", "Archery", "Elephant","King"],
  		"uniques": [
			"[+5]% Strength bonus for [{Military} {Land}] units within [2] tiles",
],
        "column": 35,
        "row": 6
	},
	{
 		 "name": "Praetorianus",
  		"prerequisites": ["Veteran"],
 		 "unitTypes": ["Sword", "Spear", "Mounted", "Elephant"],
 		 "uniques": [
			"[+30]% Strength bonus for [King] units within [1] tiles <when defending>",
      			"[-5]% Strength for enemy [Military] units in adjacent [all] tiles",
   			 "[+5]% Strength <when defending> <vs [Archery] units>"]
        "column": 36,
        "row": 6
	},
	{
 		 "name": "Frontline",
  		"prerequisites": ["Veteran"],
 		 "unitTypes": ["Sword","Spear","Elephant"],
 		 "uniques": [
		"[+10]% Strength bonus for [Archery] units within [1] tiles <when defending>",
		"[+10]% Strength bonus for [Archery] units within [1] tiles <when attacking>",
		"[+20]% Strength bonus for [Scout] units within [1] tiles <when defending>",
],
	"column": 37, 
       "row": 6
	},
	{
 		 "name": "Parthian Doctrine",
  		"unitTypes": ["Mounted Archery"],
  		"prerequisites": ["Veteran"],
  		"uniques": [
   			 "[+10]% Strength <when attacking> <vs [{Melee} {Land}] units>" ,
   			 "[-10]% Strength <when defending> <vs [Mounted] units>",
   			 "[-10]% Strength <when defending> <vs [Archery] units>",
			"Ignores Zone of Control",
			],
        "column": 38,
        "row": 6

	},
	{
 		 "name": "Plunderer",
  		"unitTypes": ["Sword", "Spear", "Mounted", "Mounted Archery", "Scout", "Archery", "Elephant","King"],
  		"prerequisites": ["Raider III"],
  		"uniques": [
    			"[+40]% Yield from pillaging tiles",
			"[+30]% Health from pillaging tiles"
			],
        "column": 40,
        "row": 4

	},
	{
		"name": "Spear Wall",
		"prerequisites": ["Veteran"],
		"uniques": [
			"[+10]% Strength <for [Spear] units> <when adjacent to a [Spear] unit>",
    			"[+10]% Strength <when defending>"]
		"unitTypes": ["Spear"],
        "column": 41,
        "row": 6
	},
	{
		"name": "Skirmisher Tatics",
		"prerequisites": ["Veteran"],
		"uniques": [
			"Ignores Zone of Control",]
		"unitTypes": ["Scout"],
        "column": 42,
        "row": 6
	},
	{
		"name": "Volley",
		"prerequisites": ["Veteran"],
		"uniques": [
			"[+10]% Strength bonus for [Archery] units within [1] tiles <when attacking>"]
		"unitTypes": ["Archery"],
        "column": 43,
        "row": 6
	},
	{
		"name": "Veteran Archer",
		"prerequisites": ["Medic III","Ambush III","Marksman III","Positioning III","Scouting III"],
		"uniques": [
   			 "[+10]% Strength <when defending> <vs [Spear] units>",
   			 "[+10]% Strength <when defending> <vs [Sword] units>",
   			 "[+10]% Strength <when defending> <vs [Mounted] units>",
    			"[+5]% Strength <when attacking>"],
		"unitTypes": ["Archery","Mounted Archery"],
        "column": 44,
        "row": 6
	},
	{
		"name": "Short Spears",
		"prerequisites": ["Survivalism I"],
		"uniques": [
   			 "[+10]% Strength <when defending> <vs [Spear] units>",
   			 "[+10]% Strength <when defending> <vs [Sword] units>",
   			 "[+40]% Strength <when defending> <vs [Mounted] units>"]
		"unitTypes": ["Archery","Scout"],
	},
	{
		"name": "Speculatores",
		"prerequisites": ["Scouting II"],
		"unitTypes": ["Sword","Spear","Mounted","Mounted Archery","Scout","Archery","Melee Water","Siege","King"],
		"uniques": ["Can see over obstacles",
   			 "[+5]% Strength <when defending>"],
      "column": 45,
        "row": 3
	},
	{
		"name": "Warlust",
		"prerequisites": ["Veteran"],
		"unitTypes": ["Scout","Sword","Spear"],
		"uniques": ["Heals [10] damage if it kills a unit"
		],
      "column": 46,
        "row": 6
	},
	{
		"name": "Commander",
		"uniques": [
			"[+10]% Strength bonus for [Military] units within [2] tiles <when defending>",
			"[+20]% Strength bonus for [Military] units within [1] tiles <when defending>",
			"[+12]% Strength bonus for [Military] units within [1] tiles <when attacking>",
			"Withdraws before melee combat <with [10]% chance>",
		],
	},
	{
		"name": "Naked Warrior",
		"uniques": [
			"[+2] XP gained from combat",
			"[-30]% Strength <vs [{Ranged} {Land}] units> <when defending>",
			"[-30]% Strength <vs [Mounted] units> <when defending>",
			"[+80]% Strength <when attacking>",
			"Withdraws before melee combat <with [15]% chance>",
			"Ignores Zone of Control",
		],
	},
	{
		"name": "Crossbowman ability",
		"uniques": [
			"[+10]% Strength <vs [Improved Armor] units> <when attacking>",
			"[+50]% Strength <vs [Infantry Shield III] units> <when attacking>",
			"[+40]% Strength <vs [Infantry Shield II] units> <when attacking>",
			"[+60]% Strength <vs [Cataphract] units> <when attacking>",
			"[+60]% Strength <vs [Clibanarii] units> <when attacking>",
			"Withdraws before melee combat <with [10]% chance>",
		],
	},
	{
		"name": "Horse Archer ability",
		"uniques": [
		"[-30]% Strength <vs cities> <when attacking>",
		"[+10]% to Flank Attack bonuses",
		"[+5]% Strength <vs [Wounded] units> <when attacking>",
		"[-15]% Strength <when fighting in [Hill] tiles> <when defending>",
		"Withdraws before melee combat <with [40]% chance>",
		"No defensive terrain bonus",
		]
	},
	{
		"name": "Camel Cavalry ability",
		"uniques": [
		"[+30]% Strength <when fighting in [Desert] tiles>",
		"[+20]% to Flank Attack bonuses",
		"No defensive terrain bonus",
		"Withdraws before melee combat <with [10]% chance>",
		"Withdraws before melee combat <with [+20]% chance> <when fighting in [Desert] tiles>",
		]
	},
	{
		"name": "Clibanarii ability",
		"uniques": [
		"[+20]% Strength <when fighting in [Open terrain] tiles>",
		"[-30]% Strength <when fighting in [Rough terrain] tiles>",
		"[+50]% Strength <vs [Archery] units> <when attacking>",
		"[+10]% Strength <when attacking>",
		"[+20]% to Flank Attack bonuses"
                "[-1] Movement <in [Forest] tiles>",
                "[-1] Movement <in [Jungle] tiles>",
		"No defensive terrain bonus",
		"Withdraws before melee combat <with [5]% chance> <when fighting in [Open terrain] tiles>",
		]
	},
	{
		"name": "Healing",
		"uniques": [
			"[+10] HP when healing <for [All] units> <when fighting in [City center] tiles>",
			"[+4] HP when healing <for [All] units> <when fighting in [Fort] tiles>",
			"[+3] HP when healing <for [All] units> <when fighting in [Village] tiles>",
			"[+1] HP when healing <for [All] units> <when fighting in [Improved] tiles>",
			"[-10] HP when healing <for [All] units> <when fighting in [Enemy Land] tiles>",
			"[-10] HP when healing <for [All] units> <when fighting in [Snow] tiles>",
			"[-5] HP when healing <for [All] units> <when fighting in [Tundra] tiles>",
			"[-3] HP when healing <for [All] units> <when fighting in [Marsh] tiles>",
			"[-2] HP when healing <for [All] units> <when fighting in [Desert] tiles>",
		]
	},
]

