[
  {
    "name": "Worker",
    "unitType": "Civilian",
    "movement": 2,
    "uniques": [
	"Comment ['Reliable, replaceable, and remarkably flammable. No empire rose without them — mostly because someone had to hold the shovel. Can be upgrade into military unit']",
      	"Limited to [10] per Civilization",
      	"Can build [Land] improvements on tiles",
	"[+1] Movement <after discovering [Mass Production]>",
	"Can upgrade to [Skirmisher] <after discovering [Imperial Military Doctrine]> <hidden from users>",
	"Can upgrade to [Spearman] <after adopting [Concordia Pactum]> <hidden from users>",
	"Can upgrade to [Spearman] <after adopting [Divide Consription]> <hidden from users>",
	"Can upgrade to [Spearman] <after adopting [Imperial Garrisons]> <hidden from users>",
	"Can upgrade to [Swordsman] <after adopting [Total War]> <hidden from users>",
      	"Automation is a primary action",
    ],
    "cost": 60
  },
  {
    "name": "Settler",
    "unitType": "Civilian",
    "movement": 3,
    "cost": 100,
    "uniques": [
		"Comment ['Men, women, and children — good at founding empires, great at dying for them']",
      		"Requires at least [3] population",
      		"Founds a new city <by consuming this unit>",
      		"Excess Food converted to Production when under construction",
		"Unbuildable <in cities with a [Scenario]> <hidden from users>",
    ],
    "hurryCostModifier": 20
  },
  {
    "name": "Work Boats",
    "unitType": "Civilian Water",
    "movement": 5,
    "cost": 80,
    "requiredTech": "Fishing",
    "uniques": [
		"Comment ['Water Slaves.']",
      		"May create improvements on water resources",
      		"Cannot enter ocean tiles <before discovering [Exploration]>",
      		"Uncapturable",
      		"Automation is a primary action",
    ]
  },
  {
    "name": "Battering Ram",
    "unitType": "Civilian",
    "movement": 2,
    "cost": 100,
    "requiredTech": "Engineering",
    "uniques": [
     		"Only available <in cities with a [Barracks]>",
		"Comment ['Turns “no entry” into “former entry.” Teamwork highly encouraged.']",
     		"Consumes [3] [Manpower]",
		"[15]% Strength bonus for [Melee] units within [0] tiles <vs cities> <when attacking>",
     		"Uncapturable",
    ],
  },
  {
    "name": "Siege Tower",
    "unitType": "Civilian",
    "movement": 1,
    "cost": 200,
    "requiredTech": "Torsion Engines",
    "uniques": [
      		"Only available <in cities with a [Siege Workshop]>",
		"Comment ['A revolutionary invention that made invading cities slightly less suicidal. Offers protection for your battle buddies while they commit structural diplomacy.']",
     		"Consumes [4] [Manpower]",
      		"Consumes [1] [Timber]",
		"[15]% Strength bonus for [Melee] units within [1] tiles <vs cities> <when attacking>",
		"[10]% Strength bonus for [Melee] units within [1] tiles <vs cities> <when defending>",
     		"Uncapturable",
    ],
  },
  {
    "name": "Skirmisher",
    "unitType": "Scout",
    "movement": 3,
    "strength": 8,
    "rangedStrength": 7,
    "cost": 55,
    "requiredTech": "Agriculture",
    "uniques": [
		"Comment ['Light troops trained to throw things and run away, in that order. The smart ones mastered both arts equally.']",
      		"Consumes [1] [Manpower]",
		"Can move after attacking",
    ],
    "attackSound": "nonmetalhit",
    "promotions": [
      "[Skirmisher] ability",
      "Infantry Shield I",
    ],
    "civilopediaText": [
      {
        "text": "Light troops trained in the noble art of throwing things and running away. Skirmishers excel at harassing enemies, avoiding death, and reminding heavier soldiers why mobility matters. Historians call them “hit-and-run specialists.” The enemy just calls them cowards — usually right before getting another javelin in the face."
      }
    ]
  },
  {
    "name": "Thracian Peltast",
    "unitType": "Scout",
    "replaces": "Skirmisher",
    "uniqueTo": "The Odrysians",
    "movement": 3,
    "strength": 9,
    "rangedStrength": 8,
    "cost": 73,
    "requiredTech": "Agriculture",
    "uniques": [
		"Comment ['Thracian hit-and-run specialists; throw, stab, vanish, repeat.']",
      		"Consumes [1] [Manpower]",
    		"Can move after attacking",
    ],
    "promotions": [
      	"[Skirmisher] ability",
      "Infantry Shield I",
     	 "Raider I",
    ],
    "attackSound": "nonmetalhit",
    "civilopediaText": [
      {
        "text": "Light skirmishers famed for their speed and deadly precision. The Thracians turned javelin warfare into an art — quick to strike, quicker to disappear. Greek generals called them “irregulars.” Everyone else called them gone."
      }
    ]
  },
  {
    "name": "Anatolian Tribesman",
    "unitType": "Scout",
    "replaces": "Skirmisher",
    "uniqueTo": "The Mithridatids",
    "movement": 3,
    "strength": 10,
    "rangedStrength": 8,
    "cost": 70,
    "requiredTech": "Agriculture",
    "uniques": [
		"Comment ['Light tribal infantry from Anatolia — armed with courage, sticks, and whatever gods didn’t abandon them this week.']",
   		 "Can move after attacking",
     		 "Consumes [1] [Manpower]",
    ],
    "promotions": [
      "[Skirmisher] ability",
      "Infantry Shield I"
      "Survivalism I",
    ],
    "attackSound": "nonmetalhit",
    "civilopediaText": [
      {
        "text": "The Anatolian tribesman trusts no banner. Empires burn, mountains don’t."
      }
    ]
  },
  {
    "name": "Illyrian Raider",
    "unitType": "Scout",
    "movement": 3,
    "strength": 10,
    "rangedStrength": 8,
    "cost": 160,
    "uniques": [
      		"Only available <in cities with a [Mercenary Camp]>",
		"Comment ['Mercenary skirmisher from the Illyrian coast — fights hard, drinks harder, runs fastest when unpaid.']",
      		"Consumes [1] [Mercenary (Illyrian)]",
     		"Can move immediately once bought",
    		"Can move after attacking",
		"May attack when embarked",
		"[+1] XP gained from combat",
		"[50]% maintenance costs"
     		 "Unbuildable",
     		"Can be purchased with [Gold] [in all cities]",
    ],
    "promotions": [
      "[Skirmisher] ability",
      "Infantry Shield I",
      "Amphibious I",
      "Amphibious II",
      "Raider I"
    ],
    "attackSound": "nonmetalhit",
    "civilopediaText": [
      {
        "text": "The Illyrians were called pirates by the Greeks, “privateers” by the Romans, and “naval contractors” by themselves. History calls that good marketing."
      }
    ]
  },
  {
    "name": "Cilician Pirate",
    "unitType": "Scout",
    "movement": 3,
    "strength": 7,
    "rangedStrength": 13,
    "cost": 160,
    "uniques": [
		"Comment [Coastal skirmisher — hits hard, runs faster, drowns slower. Great at ranged attacks, terrible at staying for melee consequences.]",
      		"Only available <in cities with a [Mercenary Camp]>",
     		 "Can move immediately once bought",
    		"Can move after attacking",
		"May attack when embarked",
		"[+1] XP gained from combat",
		"[+25]% Strength <when attacking> <after discovering [Imperial Military Doctrine]>",
     		 "Consumes [1] [Mercenary (Cilician)]",
      		"Only available <starting from the [Hellenistic Age]>",
     		 "Can be purchased with [Gold] [in all cities]",
		"[50]% maintenance costs"
     		 "Unbuildable",
    ],
    "promotions": [
      "[Skirmisher] ability",
      "Amphibious I",
      "Amphibious II",
      "Raider I"
    ],
    "attackSound": "nonmetalhit",
    "civilopediaText": [
      {
        "text": "The Cilician pirates made the Mediterranean their playground, striking trade routes and vanishing before anyone could fight back. Fast ships, faster feet, and no sense of shame — the perfect combination for a long criminal career."
      }
    ]
  },
  {
    "name": "Archer",
    "unitType": "Archery",
    "movement": 2,
    "strength": 7,
    "rangedStrength": 12,
    "cost": 90,
    "requiredTech": "Archery",
    "uniques": [
	"Comment [Light archer, ruins ambushes, morale, and anyone who forgot to bring a shield.]"
      	"Only available <in cities with a [Archery Range]>",
	"May attack when embarked",
      	"Consumes [1] [Manpower]",
      	"Only available <with [Enable Archer]> <hidden from users>",
    ],
    "promotions": [
      "[Archer] ability"
    ],
    "attackSound": "arrow"
    "civilopediaText": [
      {
        "text": "Archers changed warfare by proving you didn’t need armor to win — just range and fear management. From the ancient steppes to city walls, they fought with distance, discipline, and a deep respect for running away when charged."
      }
    ]
  },
  {
    "name": "Slinger",
    "unitType": "Archery",
    "movement": 2,
    "strength": 8,
    "rangedStrength": 11,
    "cost": 90,
    "requiredTech": "Archery",
    "uniques": [
	"Comment [Light slinger, good at countering ranged units, because nothing says “primitive” like a rock to the face.]",
      "Only available <in cities with a [Barracks]>",
	"May attack when embarked",
      "Consumes [1] [Manpower]",
      "Only available <with [Enable Slinger]> <hidden from users>"
    ],
    "promotions": [
      "[Slinger] ability",
    ],
    "attackSound": "arrow"
    "civilopediaText": [
      {
        "text": "Ancient commanders loved slingers: they could kill from afar, cost next to nothing, and made archers nervous. That’s what we call “cost-effective terror."
      }
    ]
  },
  {
    "name": "Mysian Bowman",
    "unitType": "Archery",
    "replaces": "Archer",
    "uniqueTo": "The Pergamenes",
    "movement": 2,
    "strength": 8,
    "rangedStrength": 14,
    "cost": 120,
    "requiredTech": "Archery",
    "uniques": [
	"Comment [Elite light archer, good at counter-ambushes, accuracy so good it feels personal.]",
      "Only available <in cities with a [Archery Range]>",
	"May attack when embarked",
      "Consumes [2] [Manpower]",
    ],
    "promotions": [
      "[Archer] ability",
      "Marksman I",
    ],
    "attackSound": "arrow"
    "civilopediaText": [
      {
        "text": "The Mysians of Asia Minor gained fame as mercenary archers, hired across the Hellenistic world for their precision and willingness to actually hit what they aimed at. Pergamon turned their local talent into a professional corps — loyal, lethal, and occasionally sober."
      }
    ]
  },
  {
    "name": "Mardian Archer",
    "unitType": "Archery",
    "replaces": "Archer",
    "uniqueTo": "The Arsacids",
    "movement": 2,
    "strength": 9,
    "rangedStrength": 13,
    "cost": 120,
    "requiredTech": "Archery",
    "uniques": [
	"Comment [Elite light archer, not built for defense, built to make sure you don’t need any.]",
      	"Only available <in cities with a [Archery Range]>",
      	"Can move immediately once bought",
	"May attack when embarked",
      	"Consumes [2] [Manpower]",
    ],
    "promotions": [
      "[Archer] ability",
      "Marksman I",
    ],
    "attackSound": "arrow"
    "civilopediaText": [
      {
        "text": "The Mardians of Persia served the Arsacid kings as elite archers, famed for their precision and unnerving enthusiasm for lethal accuracy. Lightly armored but heavily motivated, they hit hard and vanished before anyone could argue about it."
      }
    ]
  },
  {
    "name": "Forester Warband",
    "unitType": "Archery",
    "replaces": "Slinger",
    "uniqueTo": "The Belgae",
    "movement": 2,
    "strength": 10,
    "rangedStrength": 12,
    "cost": 120,
    "requiredTech": "Archery",
    "uniques": [
	"Comment [Light Belgae archer, good at ambushing, bad at staying where you can see them.]",
      "Only available <in cities with a [Archery Range]>",
      "Can move after attacking",
	"May attack when embarked",
      "Consumes [1] [Manpower]",
    ],
    "promotions": [
      "[Archer] ability",
      "Woodsman",
    ],
    "attackSound": "arrow"
    "civilopediaText": [
      {
        "text": "The Belgae’s foresters knew every root and shadow of their homeland. In battle, they used the woods as both shield and trap, striking unseen and retreating before the enemy knew who fired. Rome called them barbarians; the trees called them locals."
      }
    ]
  },
  {
    "name": "Balearic Slinger",
    "unitType": "Archery",
    "replaces": "Archer",
    "uniqueTo": "The Carthaginians",
    "movement": 3,
    "strength": 8,
    "rangedStrength": 13,
    "cost": 120,
    "requiredTech": "Archery",
    "uniques": [
	"Comment [Light slinger unit, known for turning iron and spite into long-range diplomacy.]"
      "Only available <in cities with a [Barracks]>",
      "Can move immediately once bought",
	"May attack when embarked",
      "Consumes [1] [Manpower]",
    ],
    "promotions": [
      "[Slinger] ability",
	"Iron Darts",
    ],
    "attackSound": "arrow"
    "civilopediaText": [
      {
        "text": "The Balearic slingers earned their reputation long before Carthage made it official. Trained from childhood to hurl stones and iron darts with surgical precision, they served across the Mediterranean — loyal to coin, not causes."
      }
    ]
  },
  {
    "name": "Rhodian Slinger",
    "unitType": "Archery",
    "movement": 2,
    "strength": 10,
    "rangedStrength": 12,
    "cost": 200,
    "uniques": [
	"Comment [Rhodian mercenary — precise, portable, and politically unpredictable.]",
      	"Only available <in cities with a [Mercenary Camp]>",
      	"Can move immediately once bought",
      	"Can move after attacking",
	"May attack when embarked",
	"[+1] XP gained from combat",
      	"Consumes [1] [Mercenary (Rhodian)]",
      	"Can be purchased with [Gold] [in all cities]",
      	"Only available <starting from the [Hellenistic Age]>",
      	"Unbuildable",
		"[50]% maintenance costs"
    ],
    "promotions": [
      "[Slinger] ability",
      "Amphibious I",
    ],
    "attackSound": "arrow"
  },
  {
    "name": "Cretan Archer",
    "unitType": "Archery",
    "movement": 3,
    "strength": 9,
    "rangedStrength": 13,
    "cost": 190,
    "uniques": [
	"Comment [Veteran mercenary archer, fast, accurate, and morally flexible.]",
     	"Only available <in cities with a [Mercenary Camp]>",
     	"Can move immediately once bought",
      	"Can move after attacking",
	"May attack when embarked",
	"[+1] XP gained from combat",
      	"Consumes [1] [Mercenary (Cretan)]",
      	"Can be purchased with [Gold] [in all cities]",
      	"Only available <starting from the [Hellenistic Age]>",
      	"Unbuildable",
     	"Never appears as a Barbarian unit",
		"[50]% maintenance costs"
    ],
    "promotions": [
      "[Archer] ability",
      "Infantry Shield I",
      "Amphibious I",
    ],
    "attackSound": "arrow"
  },
  {
    "name": "Mercenary Warband",
    "unitType": "Sword",
    "movement": 2,
    "strength": 16,
    "cost": 160,
    "uniques": [
	"Comment [Medium shock infantry, proof that capitalism and violence can coexist beautifully.]",
      	"Only available <in cities with a [Mercenary Camp]>",
      	"Can move immediately once bought",
	"[+1] XP gained from combat",
      	"Consumes [1] [Mercenary (Celtic)]",
      	"Can be purchased with [Gold] [in all cities]",
      	"Unbuildable",
		"[50]% maintenance costs"
    ],
    "promotions": [
      "Infantry Shield II",
      "Shock I",
    ],
    "attackSound": "metalhit"
  },
  {
    "name": "Mercenary Axeman",
    "unitType": "Sword",
    "movement": 2,
    "strength": 15,
    "cost": 160,
    "uniques": [
	"Comment [Medium infantry, excellent in jungle warfare; terrible at diplomacy.]",
      	"Only available <in cities with a [Mercenary Camp]>",
      	"Can move immediately once bought",
	"[+1] XP gained from combat",
      	"Consumes [1] [Mercenary (Germanic)]",
      	"Can move after attacking",
      	"Can be purchased with [Gold] [in all cities]",
      	"Unbuildable",
		"[50]% maintenance costs"
    ],
    "promotions": [
      "Infantry Shield II",
      "Woodsman",
    ],
    "attackSound": "metalhit"
  },
  {
    "name": "Mercenary Hoplite",
    "unitType": "Spear",
    "movement": 2,
    "strength": 16,
    "cost": 140,
    "uniques": [
	"Comment [Mercenary hoplite , defends anything, good at stopping cavalry, as long as you’ve paid first.]",
     	"Only available <in cities with a [Mercenary Camp]>",
      	"Can move immediately once bought",
	"[+1] XP gained from combat",
      	"Consumes [1] [Mercenary (Hellenic)]",
      	"Only available <before the [Hellenistic Age]>",
      	"Can be purchased with [Gold] [in all cities]",
     	"Unbuildable",
		"[50]% maintenance costs"
    ],
    "promotions": [
      "Infantry Shield III",
      "[Spearman] ability",
    ],
    "attackSound": "metalhit"
  },
  {
    "name": "Thureophoros",
    "unitType": "Spear",
    "movement": 2,
    "strength": 16,
    "cost": 160,
    "uniques": [
	"Comment [Medium spear infantry, moves fast, fights smart, and bills hourly.]",
      	"Only available <in cities with a [Mercenary Camp]>",
      	"Can move immediately once bought",
      	"Ignores terrain cost",
	"[+1] XP gained from combat",
      	"Consumes [1] [Mercenary (Hellenic)]",
      	"Only available <starting from the [Hellenistic Age]>",
      	"Can be purchased with [Gold] [in all cities]",
      	"Unbuildable",
		"[50]% maintenance costs"
    ],
    "promotions": [
      "[Spearman] ability",
      "Infantry Shield II"
    ],
    "attackSound": "metalhit"
  },
  {
    "name": "Mercenary Judean Spearman",
    "unitType": "Spear",
    "movement": 2,
    "strength": 15,
    "cost": 160,
    "uniques": [
	"Comment [Mercenary spearmen from Judea, disciplined, determined, dangerously dehydrated.]",
      	"Only available <in cities with a [Mercenary Camp]>",
      	"Can move immediately once bought",
	"[+1] XP gained from combat",
      	"Consumes [1] [Mercenary (Judean)]",
      	"Can be purchased with [Gold] [in all cities]",
      	"Never appears as a Barbarian unit",
      	"Unbuildable",
		"[50]% maintenance costs"
    ],
    "promotions": [
      "[Spearman] ability",
      "Infantry Shield II",
      "Desert Warrior",
    ],
    "attackSound": "metalhit"
  },
  {
    "name": "Thracian Mercenary",
    "unitType": "Sword",
    "movement": 2,
    "strength": 16,
    "cost": 190,
    "uniques": [
	"Comment [Medium raider, burns, loots, and occasionally remembers who hired them.]",
      	"Only available <in cities with a [Mercenary Camp]>",
      	"Can move immediately once bought",
	"[+1] XP gained from combat",
      	"Consumes [1] [Mercenary (Thracian)]",
      	"Can be purchased with [Gold] [in all cities]",
      	"Never appears as a Barbarian unit",
		"[50]% maintenance costs"
    ],
    "promotions": [
      "[Thracian Warband] ability",
      "Infantry Shield II",
      "Raider I",
      "Raider II",
    ],
    "attackSound": "metalhit"
  },
  {
    "name": "Iberian Mercenary",
    "unitType": "Sword",
    "movement": 3,
    "strength": 16,
    "cost": 170,
    "uniques": [
	"Comment [Medium infantry, professionals in fighting, amateurs in restraint.]",
      	"Only available <in cities with a [Mercenary Camp]>",
      	"Can move immediately once bought",
	"[+2] XP gained from combat",
      	"Consumes [1] [Mercenary (Iberian)]",
      	"Unbuildable",
      	"Can be purchased with [Gold] [in all cities]",
		"[50]% maintenance costs"
    ],
    "promotions": [
      "Infantry Shield II"
    ],
    "attackSound": "metalhit"
  },
  {
    "name": "Oscan Mercenary",
    "unitType": "Sword",
    "movement": 2,
    "strength": 16,
    "cost": 150,
    "uniques": [
	"Comment [-Medium infantry unit, cheaper to deploys.]"
      "Consumes [1] [Mercenary (Oscan)]",
	"[+1] XP gained from combat",
      "Only available <in cities with a [Mercenary Camp]>",
      "Unbuildable",
      "Can be purchased with [Gold] [in all cities]",
      "Can move immediately once bought",
		"[50]% maintenance costs"
    ],
    "promotions": [
      "Infantry Shield II"
    ],
    "attackSound": "metalhit"
  },
  {
    "name": "Iphicratian Hoplite",
    "unitType": "Spear",
    "movement": 2,
    "strength": 15,
    "cost": 160,
    "uniques": [
	"Comment [Medium spear infantry, built for sieges and river fights, not poetry.]",
      	"Only available <in cities with a [Parthenon]>",
      	"Consumes [2] [Manpower]",
    ],
    "promotions": [
      "[Spearman] ability",
      "Infantry Shield II",
      "Assault I",
      "Amphibious I",
    ],
    "hurryCostModifier": 20,
    "attackSound": "metalhit"
  },
  {
    "name": "Spearman",
    "unitType": "Spear",
    "movement": 2,
    "strength": 11,
    "cost": 50,
    "requiredTech": "Bronze Working",
    "uniques": [
	"Comment [Spearman — ideal for stopping horses, not much else.]",
     	"Only available <in cities with a [Muster Field]>",
      	"Consumes [2] [Manpower]",
    ],
    "promotions": [
      "[Spearman] ability",
      "Infantry Shield II"
    ],
    "attackSound": "metalhit"
  },
  {
    "name": "Ligurian Warrior",
    "unitType": "Spear",
    "replaces": "Spearman",
    "uniqueTo": "The Insubres",
    "movement": 2,
    "strength": 12,
    "cost": 76,
    "requiredTech": "Bronze Working",
    "uniques": [
	"Comment [Light spear, deadly in ambushes, unimpressed by fair fights.]",
      	"Only available <in cities with a [Muster Field]>",
      	"Consumes [2] [Manpower]",
    ],
    "promotions": [
      "[Spearman] ability",
      "Infantry Shield II",
      "Ambush I",
      "Shock I",
    ],
    "attackSound": "metalhit"
  },
  {
    "name": "Hoplite",
    "unitType": "Spear",
    "movement": 2,
    "strength": 15,
    "cost": 110,
    "requiredTech": "Citizen Levy",
    "uniques": [
	"Comment [Medium spear infantry, ideal for holding ground and philosophical debates.]",
      	"Only available <in cities with a [Barracks]>",
      	"Consumes [2] [Manpower]",
      	"Consumes [1] [Bronze]",
      	"Comment [Has cultural requirements]",
      	"Only available <with [Enable Hoplite]> <hidden from users>",
    ],
    "promotions": [
      "[Spearman] ability",
      "Infantry Shield II",
    ],
    "attackSound": "metalhit"
  },
  {
    "name": "Spartan Hoplite",
    "unitType": "Spear",
    "replaces": "Hoplite",
    "uniqueTo": "The Spartans",
    "movement": 2,
    "strength": 16,
    "cost": 150,
    "requiredTech": "Citizen Levy",
    "uniques": [
	"Comment [Heavy spear infantry, elite training, zero childhood, maximum trauma.]",
      	"Only available <in cities with a [Syssition]>",
      	"Consumes [3] [Manpower]",
      	"Consumes [1] [Bronze]",
    ],
    "promotions": [
      "[Spearman] ability",
      "Infantry Shield II",
      "Spartan Aura",
      "Drill I"
    ],
    "attackSound": "metalhit"
  },
  {
    "name": "Noble Hoplite",
    "unitType": "Spear",
    "replaces": "Hoplite",
    "uniqueTo": "The Dardanians",
    "movement": 2,
    "strength": 15,
    "cost": 150,
    "requiredTech": "Citizen Levy",
    "uniques": [
	"Comment [-Heavy spear infantry, proof that privilege can, in fact, carry a spear.]",
      	"Only available <in cities with a [Barracks]>",
      	"Consumes [3] [Manpower]",
      	"Consumes [1] [Bronze]",
    ],
    "promotions": [
      "[Spearman] ability",
      "Infantry Shield II",
      "Drill I",
      "Drill II",
    ],
    "attackSound": "metalhit"
  },
  {
    "name": "Pike Phalanx",
    "unitType": "Spear",
    "movement": 2,
    "strength": 16,
    "cost": 125,
    "requiredTech": "Bronze Working",
    "uniques": [
	"Comment [Medium pike unit, long spears, strong against cavalry, short lifespans under missile fire.]",
      	"Only available <in cities with a [Barracks]>",
      	"Consumes [2] [Manpower]",
      	"Consumes [1] [Bronze]",
      	"Only available <with [Enable Pike Phalanx]> <hidden from users>",
    ],
    "promotions": [
      "[Pike Phalanx] ability",
      "Infantry Shield I",
    ],
    "attackSound": "metalhit"
  },
  {
    "name": "Swordsman",
    "unitType": "Sword",
    "hurryCostModifier": 20,
    "cost": 150,
    "movement": 2,
    "strength": 15,
    "requiredTech": "Citizen Levy",
    "uniques": [
	"Comment [-Medium infantry, simple, sharp, and solves most problems violently.]",
      	"Only available <in cities with a [Barracks]>",
      	"Consumes [3] [Manpower]",
      	"Only available <with [Enable Swordsman]> <hidden from users>",
	"Unbuildable <in cities with a [Hellenic Barracks]> <hidden from users>",
	"Unbuildable <in cities with a [Gallic Barracks]> <hidden from users>",
    ],
    "promotions": [
      "Infantry Shield II"
    ],
    "attackSound": "metalhit"
  },
  {
    "name": "Hyrcanian Axeman",
    "unitType": "Sword",
    "replaces": "Swordsman",
    "uniqueTo": "The Arsacids",
    "movement": 2,
    "strength": 16,
    "cost": 170,
    "requiredTech": "Citizen Levy",
    "uniques": [
	"Comment [Medium infantry, strong attack, limited patience.]",
      "Only available <in cities with a [Barracks]>",
      "Can move immediately once bought",
      "Consumes [3] [Manpower]",
    ],
    "promotions": [
      "Infantry Shield II",
      "Shock I",
    ],
    "attackSound": "metalhit"
  },
  {
    "name": "Gaesatae",
    "unitType": "Sword",
    "replaces": "Swordsman",
    "uniqueTo": "The Insubres",
    "movement": 2,
    "strength": 15,
    "cost": 175,
    "requiredTech": "Citizen Levy",
    "uniques": [
	"Comment [Light shock unit, excellent versus swords and spears, allergic to armor.]",
      	"Only available <in cities with a [Barracks]>",
      	"Can move immediately once bought",
      	"Consumes [3] [Manpower]",
    ],
    "promotions": [
      "[Gaesatae] ability",
      "Infantry Shield I",
      "Shock I",
    ],
    "attackSound": "metalhit"
  },
  {
    "name": "Thracian Warband",
    "unitType": "Sword",
    "replaces": "Swordsman",
    "uniqueTo": "The Odrysians",
    "movement": 2,
    "strength": 15,
    "cost": 175,
    "requiredTech": "Citizen Levy",
    "uniques": [
	"Comment [Medium infantry, hits hard, moves fast, and hates horses personally.]",
      	"Only available <in cities with a [Barracks]>",
      	"Consumes [4] [Manpower]",
    ],
    "promotions": [
      "[Thracian Warband] ability",
      "Infantry Shield II",
    ],
    "attackSound": "metalhit"
  },
  {
    "name": "Falxman",
    "unitType": "Sword",
    "replaces": "Swordsman",
    "uniqueTo": "The Getae",
    "movement": 2,
    "strength": 14,
    "cost": 165,
    "requiredTech": "Citizen Levy",
    "uniques": [
	"Comment [Light shock infantry, strong versus swords, weak versus everything pointy from afar]",
      	"Only available <in cities with a [Barracks]>",
      	"Consumes [3] [Manpower]",
    ],
    "promotions": [
      "[Falxman] ability",
      "Ambush I"
    ],
    "attackSound": "metalhit"
  },
  {
    "name": "Bastarnae Warrior",
    "unitType": "Sword",
    "replaces": "Swordsman",
    "uniqueTo": "The Bastarnae",
    "movement": 2,
    "strength": 16,
    "cost": 180,
    "requiredTech": "Citizen Levy",
    "uniques": [
      "Comment [Light shock infantry, ’Tis but a scratch' made violently literal, fierce, half-drunk, and allergic to the concept of retreat.] <before the [Imperial Age]>",
      "Comment [Medium shock infantry, ’Tis but a scratch' made violently literal, fierce, half-drunk, and allergic to the concept of retreat.] <during the [Imperial Age]>",
      "Only available <in cities with a [Barracks]>",
	"[This Unit] gains the [Infantry Shield II] promotion <during the [Imperial Age]>",
	"[+10]% production cost <during the [Imperial Age]>",
      "Consumes [3] [Manpower]",
	"[This Unit] loses the [Infantry Shield I] promotion <during the [Imperial Age]> <hidden from users>",
    ],
    "promotions": [
      "Infantry Shield I",
      "Berserker",
    ],
    "attackSound": "metalhit"
  },
  {
    "name": "Celtiberian Warband",
    "unitType": "Sword",
    "replaces": "Swordsman",
    "uniqueTo": "Citizen Levy",
    "movement": 2,
    "strength": 17,
    "cost": 175,
    "requiredTech": "Infantry Training",
    "uniques": [
      	"Comment [Medium infantry, hits hard, screams louder, dies impressively.]",
      	"Only available <in cities with a [Barracks]>",
	"[This Unit] gains the [Infantry Shield III] promotion <during the [Imperial Age]>",
	"[+15]% production cost <during the [Imperial Age]>",
      	"Consumes [4] [Manpower]",
	"[This Unit] loses the [Infantry Shield II] promotion <during the [Imperial Age]> <hidden from users>",
    ],
    "promotions": [
      "Infantry Shield II",
      "Shock I",
    ],
    "attackSound": "metalhit"
  },
  {
    "name": "Raider Warband",
    "unitType": "Sword",
    "replaces": "Swordsman",
    "uniqueTo": "The Scordisci",
    "movement": 2,
    "strength": 17,
    "cost": 175,
    "requiredTech": "Citizen Levy",
    "uniques": [
      	"Comment [Medium infantry, decent on the front line, excellent behind enemy lines.]",
      	"Only available <in cities with a [Barracks]>",
 	"[+10]% Strength <when attacking> <when fighting in [Foreign Land] tiles>"
	"[This Unit] gains the [Shock I] promotion <during the [Imperial Age]>",
	"[+10]% production cost <during the [Imperial Age]>",
     	"Consumes [4] [Manpower]",
	"Unbuildable <in cities with a [Gallic Barracks]> <hidden from users>",
    ],
    "promotions": [
      "Infantry Shield II",
      "Raider I",
    ],
    "attackSound": "metalhit"
  },
  {
    "name": "Lusitanian Warband",
    "unitType": "Sword",
    "replaces": "Swordsman",
    "uniqueTo": "Citizen Levy",
    "movement": 3,
    "strength": 16,
    "cost": 170,
    "requiredTech": "Infantry Training",
    "uniques": [
      		"Comment [Light shock infantry, quick to raid, quick to die. Use them for the sneak attack, then pray they don’t get caught in the crossfire.]",
      		"Only available <in cities with a [Barracks]>",
		"[+10]% Strength <when fighting in [Forest] tiles>",
		"[+10]% Strength <when fighting in [Jungle] tiles>",
		"[This Unit] gains the [Ambush II] promotion <during the [Imperial Age]>",
		"[+10]% production cost <during the [Imperial Age]>",
      		"Consumes [3] [Manpower]",
    ],
    "promotions": [
      "Infantry Shield I",
      "Raider I",
      "Ambush I",
    ],
    "attackSound": "metalhit",
    "civilopediaText": [
      {
        "text": "This is your basic, club-swinging fighter."
      }
    ]
  },
  {
    "name": "Legion",
    "unitType": "Sword",
    "replaces": "Heavy Swordsman",
    "uniqueTo": "The Romans",
    "movement": 2,
    "strength": 20,
    "cost": 260,
    "requiredTech": "Infantry Training",
    "uniques": [
      "Comment [Heavy infantry, these guys can siege a city and build a highway at the same time. Too bad they’re slower than your grandma’s morning walk.]",
      "Only available <in cities with a [Barracks]>"
	"Can build [All Road] improvements on tiles",
      "Consumes [4] [Manpower]",
      "Consumes [1] [Iron]",
    ],
    "promotions": [
      "Infantry Shield III",
      "Assault I",
      "Drill I",
    ],
    "attackSound": "metalhit"
  },
{
    "name": "Manipular Legion",
    "unitType": "Sword",
    "uniqueTo": "The Romans",
    "replaces": "Swordsman",
    "movement": 2,
    "strength": 16,
    "cost": 180,
    "uniques": [
      		"Comment ['Heavy infantry, can build roads and steal land. Don’t expect them to win any races, but they’ll gladly take your territory while they're at it']",
      		"Only available <in cities with a [Barracks]>",
	      	"Can build [All Road] improvements on tiles",
      		"Consumes [3] [Manpower]",
      		"Can upgrade to [Legion] <after discovering [Infantry Training]>",
      		"Unbuildable <after discovering [Infantry Training]>",
    ],
    "promotions": [
      "Infantry Shield III",
      "Drill I"
    ],
    "attackSound": "metalhit"
  },
{
    "name": "Limitanei",
    "unitType": "Spear",
    "uniqueTo": "The Romans",
    "movement": 2,
    "strength": 15,
    "cost": 210,
    "requiredTech": "Military Reforms",
    "uniques": [
      "Comment [Heavy spear infantry, happily defend their fields and build roads back to Rome—as long as the enemy doesn’t show up on the other side of the empire.]",
      "Only available <in cities with a [Army Barracks]>",
	"Can build [All Road] improvements on tiles",
       "[+20]% Strength <when fighting in [Friendly Land] tiles>",
       "[+10]% Strength <when fighting in [Farm] tiles>",
      "Consumes [4] [Manpower]",
    ],
    "promotions": [
      "[Spearman] ability",
      "Infantry Shield III",
      "Drill I"
    ],
    "attackSound": "metalhit"
  },
  {
    "name": "Heavy Spearman",
    "unitType": "Spear",
    "cost": 200,
    "movement": 2,
    "strength": 18,
    "requiredTech": "Military Reforms",
    "uniques": [
      "Only available <in cities with a [Army Barracks]>",
	"Comment ['Heavy spear infantry, basically a moving wall. Effective against cavalry and look tough’]",
      "Consumes [4] [Manpower]",
      "Consumes [1] [Iron]",
      "Only available <with [Enable Heavy Spearman]> <hidden from users>",
    ],
    "promotions": [
      "[Spearman] ability",
      "Infantry Shield III",
      "Formation I",
    ],
    "attackSound": "metalhit"
  },
  {
    "name": "Heavy Swordsman",
    "unitType": "Sword",
    "cost": 200,
    "movement": 2,
    "strength": 19,
    "requiredTech": "Military Reforms",
    "uniques": [
      "Only available <in cities with a [Army Barracks]>",
	"Comment [Heavy infantry, a frontliner with a sword and a bad attitude. Great at holding the line, terrible at anything requiring speed or finesse.]"
      	"Consumes [4] [Manpower]",
      	"Consumes [1] [Iron]",
	"Unbuildable <in cities with a [Hellenic Barracks]> <hidden from users>",
	"Unbuildable <in cities with a [Gallic Barracks]> <hidden from users>",
      	"Only available <with [Enable Heavy Swordsman]> <hidden from users>",
    ],
    "promotions": [
      "Infantry Shield III",
      "Drill I",
    ],
    "attackSound": "metalhit"
  },
  {
    "name": "Solduros",
    "unitType": "Sword",
    "replaces": "Heavy Swordsman",
    "uniqueTo": "The Aquitani",
    "hurryCostModifier": 20,
    "cost": 230,
    "movement": 2,
    "strength": 22,
    "requiredTech": "Military Reforms",
    "uniques": [
      	"Consumes [4] [Manpower]",
      	"Consumes [1] [Iron]",
	"Comment [Elite heavy infantry, top-tier frontliners, if you don’t mind them taking their sweet time. They’ll hold the line and look intimidating doing it]",
    ],
    "promotions": [
      "Infantry Shield II"
    ],
    "attackSound": "metalhit"
  },
  {
    "name": "Numidian Mercenary",
  "unitType": "Mounted Archery",
  "hurryCostModifier": 30,
  "cost": 200,
  "movement": 4,
  "strength": 11,
  "rangedStrength": 11,
    "uniques": [
      	"Comment [Light mounted skirmisher, Fast, annoying, and best used for running away after causing a little chaos. Don’t expect these guys to fight for long—they’ll be gone before you know it.]",
      	"Only available <in cities with a [Mercenary Camp]>",
      	"Can move immediately once bought",
	"May attack when embarked",
    	"[-1] Range",
	"[+1] XP gained from combat",
      	"Consumes [1] [Mercenary (Numidian)]",
      	"Can be purchased with [Gold] [in all cities]",
      	"Unbuildable",
    ],
    "promotions": [
      "[Horseman] ability",
      "Cavalry Shield I",
      "Scouting I",
      "Raider I"
    ],
    "attackSound": "arrow"
  },
  {
    "name": "Horseman",
    "unitType": "Mounted",
    "hurryCostModifier": 20,
    "cost": 110,
    "movement": 4,
    "strength": 13,
    "requiredTech": "Riding",
    "uniques": [
      "Comment [Light cavalry that’s great for hitting and running—because why fight when you can just annoy people and leave]",
      "Only available <in cities with a [Stable]>",
      "Consumes [2] [Manpower]",
      "Consumes [1] [Horses]",
      "Only available <before adopting [Numidian Culture]> <hidden from users>",
    ],
    "promotions": [
      "[Horseman] ability",
      "Scouting I",
      "Cavalry Shield I"
    ],
    "attackSound": "horse"
  },
  {
    "name": "Mercenary Horse Archer",
    "unitType": "Mounted Archery",
    "hurryCostModifier": 30,
    "cost": 220,
    "movement": 4,
    "strength": 9,
    "rangedStrength": 12,
    "uniques": [
     	"Comment [Elite mounted archer who'll shoot, run, and cry when the real fight starts. Expensive, but they’ll make those arrows fly before they bail]",
      	"Only available <in cities with a [Mercenary Camp]>",
      	"Can move immediately once bought",
	"May attack when embarked",
	"[+1] XP gained from combat",
      	"Consumes [1] [Mercenary (Eastern)]",
      	"Can be purchased with [Gold] [in all cities]",
      	"Unbuildable",
    ],
    "promotions": [
      "Horse Archer ability",
    ],
    "attackSound": "arrow"
  },
  {
    "name": "Horse Archer",
    "unitType": "Mounted Archery",
    "hurryCostModifier": 20,
    "cost": 180,
    "movement": 4,
    "strength": 8,
    "rangedStrength": 11,
    "requiredTech": "Riding",
    "uniques": [
      	"Comment [Light mounted archer, fast, and completely useless if they ever have to actually fight. They’ll shoot arrows, maybe hit something, then ride off before anyone can say ‘where’d they go?.]",
      	"Only available <in cities with a [Nomadic Herd]>",
	"May attack when embarked",
      	"Consumes [2] [Manpower]",
      	"Consumes [1] [Horses]",
    ],
    "promotions": [
      "Horse Archer ability",
    ],
    "attackSound": "arrow"
  },
  {
    "name": "Camel Archer",
    "unitType": "Mounted Archery",
    "hurryCostModifier": 20,
    "cost": 140,
    "movement": 3,
    "strength": 10,
    "rangedStrength": 11,
    "uniques": [
      "Comment [Medium mounted archer, perfect for desert battles, as long as you don’t expect them to do anything when they leave the sand. They’ll shoot a few arrows and bail before you can blink.]",
      "Only available <in cities with a [Spice Road]>",
	"May attack when embarked",
      "Consumes [3] [Manpower]",
    ],
    "promotions": [
      "[Camel Archer] ability"
    ],
    "attackSound": "arrow"
  },
  {
    "name": "Chariot Archer",
    "unitType": "Mounted Archery",
    "hurryCostModifier": 20,
    "cost": 130,
    "movement": 4,
    "strength": 10,
    "rangedStrength": 11,
    "requiredTech": "The Wheel",
    "uniques": [
      "Comment [Medium ranged chariot, a chariot with a bow—because running around in circles is the best way to fight. Good in the desert, terrible on rough terrain. Expect them to get stuck faster than your last bad decision.]",
      "Consumes [2] [Manpower]",
      "Consumes [1] [Horses]",
      "Only available <before discovering [Equestrian Class]>",
      "Only available <with [Enable Chariot Archer]> <hidden from users>",
      "Only available <in cities without a [The Oracle of Amun]> <hidden from users>",
    ],
    "promotions": [
      "Chariot ability"
    ],
    "attackSound": "arrow"
  },
  {
    "name": "Libyan Chariot Archer",
    "unitType": "Mounted Archery",
    "hurryCostModifier": 25,
    "cost": 130,
    "movement": 4,
    "strength": 11,
    "rangedStrength": 11,
    "uniques": [
      	"Comment [Medium ranged chariot, for when you need a flashy unit that’ll shoot a few arrows, then bail when things get rough. They’ll excel in the desert, but anywhere else? They’ll be stuck faster than your last bad mercenary deal.]",
      	"Only available <in cities with a [Mercenary Camp]>",
      	"Can move immediately once bought",
	"[+1] XP gained from combat",
      	"Consumes [1] [Mercenary (Libyan)]",
      	"Can be purchased with [Gold] [in all cities]",
      	"Unbuildable",
    ],
    "promotions": [
      "Chariot ability"
    ],
    "attackSound": "arrow"
  },
  {
    "name": "War Chariot",
    "unitType": "Mounted",
    "hurryCostModifier": 20,
    "cost": 130,
    "movement": 4,
    "strength": 13,
    "requiredTech": "The Wheel",
    "uniques": [
      "Comment [-Medium chariot unit, bad at rough terrain, good at desert fighting, have strong attack and medium withdraw chance.]",
      "Consumes [2] [Manpower]",
      "Consumes [1] [Horses]",
      "Only available <before discovering [Equestrian Class]>",
      "Only available <with [Enable War Chariot]> <hidden from users>",
    ],
    "promotions": [
      "Chariot ability",
      "Shock I"
    ],
    "attackSound": "horse"
  },
  {
    "name": "Cyrenean Chariot",
    "unitType": "Mounted",
    "uniqueTo": "The Cyreneans",
    "replaces": "War Chariot",
    "hurryCostModifier": 20,
    "cost": 140,
    "movement": 4,
    "strength": 14,
    "requiredTech": "The Wheel",
    "uniques": [
      "Comment [-Medium chariot unit, bad at rough terrain, good at desert fighting, have strong attack and medium withdraw chance.]",
      "Consumes [2] [Manpower]",
      "Consumes [1] [Horses]",
    ],
    "promotions": [
      "Chariot ability",
      "Shock I",
      "Charge I"
    ],
    "attackSound": "horse"
  },
  {
    "name": "Pontic Scythed Chariot",
    "unitType": "Mounted",
    "uniqueTo": "The Mithridatids",
    "hurryCostModifier": 20,
    "cost": 180,
    "movement": 4,
    "strength": 15,
    "requiredTech": "Equestrian Class",
    "uniques": [
      "Comment [-Medium chariot unit, bad at rough terrain, good at desert fighting, have strong attack and medium withdraw chance.]",
      "Only available <in cities with a [Stable]>",
      "Consumes [3] [Manpower]",
      "Consumes [1] [Horses]",
    ],
    "promotions": [
      "Chariot ability",
      "Charge I",
      "Shock I",
    ],
    "attackSound": "horse"
  },
  {
    "name": "Scythed Chariot",
    "unitType": "Mounted",
    "hurryCostModifier": 25,
    "cost": 150,
    "movement": 4,
    "strength": 15,
    "uniques": [
      "Comment [-Elite medium chariot unit, bad at rough terrain, good at desert fighting, have strong attack and medium withdraw chance.]",
      "Only available <in cities with a [Mercenary Camp]>",
      "Can move immediately once bought",
	"[+1] XP gained from combat",
      "Consumes [1] [Mercenary (Mesopotamian)]",
      "Can be purchased with [Gold] [in all cities]",
      "Unbuildable",
    ],
    "promotions": [
      "Chariot ability",
      "Charge I",
      "Shock I"
    ],
    "attackSound": "horse"
  },
  {
    "name": "Cavalry",
    "unitType": "Mounted",
    "hurryCostModifier": 20,
    "cost": 170,
    "movement": 3,
    "strength": 17,
    "requiredTech": "Equestrian Class",
    "uniques": [
      "Comment [-Medium cavalry, they’re like the middle child of your army—too good to be ignored, but not nearly enough to win the spotlight. Use them to pretend you’ve got cavalry.]",
      "Only available <in cities with a [Stable]>",
      "Consumes [3] [Manpower]",
      "Consumes [2] [Horses]",
      "Only available <with [Enable Cavalry]> <hidden from users>",
      "Only available <before adopting [Numidian Culture]> <hidden from users>",
    ],
    "promotions": [
      "[Cavalry] ability",
      "Cavalry Shield II"
    ],
    "attackSound": "horse"
  },
  {
    "name": "Royal Agema",
    "unitType": "Mounted",
    "hurryCostModifier": 20,
    "cost": 250,
    "movement": 3,
    "strength": 19,
    "requiredTech": "Metallurgy",
    "uniques": [
      "Comment [-Elite medium cavalry unit, King's personal guards.]",
      "Only available <in cities with a [Palace]>",
      "Limited to [1] per Civilization",
      "Consumes [3] [Manpower]",
      "Consumes [1] [Horses]",
      "Consumes [1] [Veteran]",
      "Only available <with [Enable Royal Agema]> <hidden from users>",
      "Never appears as a Barbarian unit",
    ],
    "promotions": [
      "[Cavalry] ability",
      "Cavalry Shield II",
	"Praetorianus"
    ],
    "attackSound": "horse"
  },
  {
    "name": "Cataphract",
    "unitType": "Mounted",
    "hurryCostModifier": 30,
    "cost": 300,
    "movement": 3,
    "strength": 26,
    "requiredTech": "Metallurgy",
    "uniques": [	"Comment [Very heavy cavalry,The ‘OG tank’ if tanks were slow, expensive, and required a small fortune in horses, manpower, and iron. Sure, they’ll crush infantry, but they’ll also burn a hole in your budget faster.] <before adopting [Latin Culture]>",
	"Only available <in cities with a [Cavalry Barracks]>",
	"Consumes [6] [Manpower]",
	"Consumes [2] [Horses]",
	"Consumes [2] [Iron]",
	"Never appears as a Barbarian unit <hidden from users>",
      "Only available <with [Enable Cataphract]> <hidden from users>",
    ],
    "promotions": [
      "[Cataphract] ability",
      "Charge I",
    ],
    "attackSound": "horse"
  },
  {
    "name": "Armenian Noble",
    "unitType": "Mounted",
    "uniqueTo": "The Armenians",
    "hurryCostModifier": 20,
    "cost": 270,
    "movement": 3,
    "strength": 20,
    "requiredTech": "Metallurgy",
    "uniques": [
      "Comment [-Heavy shock cavalry, too bad they’re just another expensive way to crush weaklings.]",
      "Only available <in cities with a [Cavalry Barracks]>",
      "Consumes [5] [Manpower]",
      "Consumes [2] [Horses]",
      "Consumes [1] [Iron]",
    ],
    "promotions": [
      "[Horseman] ability",
      "Cavalry Shield II",
      "Armored Lancer",
    ],
    "attackSound": "horse"
  },
  {
    "name": "War Elephant",
    "unitType": "Elephant",
    "hurryCostModifier": 25,
    "cost": 220,
    "movement": 3,
    "strength": 18,
    "requiredTech": "Equestrian Class",
    "uniques": [
      	"Comment [-Medium elephant, a beast that’ll crush anything in its path—except your economy. Hope you’ve got the gold to feed it.]",
      	"Only available <in cities with a [Stable]>",
	"Destroys tile improvements when attacking",
      	"Consumes [3] [Manpower]",
      	"Consumes [1] [Elephants]",
      	"Never appears as a Barbarian unit",
      	"Only available <with [Enable War Elephant]> <hidden from users>",
    ],
    "promotions": [
      "[War Elephant] ability"
    ],
    "attackSound": "elephant"
  },
  {
    "name": "Armored Elephant",
    "unitType": "Elephant",
    "uniqueTo": "The Seleucids",
    "hurryCostModifier": 25,
    "cost": 300,
    "movement": 3,
    "strength": 25,
    "requiredTech": "Equestrian Class",
    "uniques": [
      "Comment [-Heavy elephant unit, armored, and ready to flatten anything that dares stand in its way. Just don’t expect it to help with anything delicate.]",
      "Only available <in cities with a [Army Barracks]>",
	"Destroys tile improvements when attacking",
      "Consumes [4] [Manpower]",
      "Consumes [1] [Elephants]",
      "Consumes [2] [Iron]",
    ],
    "promotions": [
      "[War Elephant] ability"
    ],
    "attackSound": "elephant"
  },
  {
    "name": "Galley",
    "unitType": "Melee Water",
    "movement": 5,
    "strength": 12,
    "cost": 110,
    "requiredTech": "Woodworking",
    "uniques": [
      "Comment [-Light naval melee, cheap and disposable. Perfect for getting your men killed without actually accomplishing much]",
      "Cannot enter ocean tiles",
      "Consumes [2] [Manpower]",
    ],
    "promotions": [
      "Boarding Tactics"
    ],
    "attackSound": "nonmetalhit"
  },
  {
    "name": "Trireme",
    "unitType": "Melee Water",
    "movement": 6,
    "strength": 16,
    "cost": 150,
    "requiredTech": "Shipbuilding",
    "uniques": [
      "Comment [-Medium naval melee unit]",
      "Only available <in cities with a [Drydock]>",
      "Cannot enter ocean tiles",
      "Consumes [3] [Manpower]",
      "Consumes [1] [Timber]",
      "Only available <with [Enable Trireme]> <hidden from users>",
    ],
    "attackSound": "nonmetalhit"
  },
  {
    "name": "Pentere",
    "unitType": "Melee Water",
    "movement": 5,
    "strength": 22,
    "cost": 200,
    "requiredTech": "Navigation",
    "uniques": [
      "Comment [-Heavy naval melee unit]",
      "Only available <in cities with a [Drydock]>",
      "Consumes [5] [Manpower]",
      "Consumes [1] [Timber]",
      "Never appears as a Barbarian unit",
      "Only available <with [Enable Pentere]> <hidden from users>",
    ],
    "attackSound": "nonmetalhit"
  },
  {
    "name": "Hemiola",
    "unitType": "Melee Water",
    "movement": 6,
    "strength": 15,
    "cost": 170,
    "requiredTech": "Navigation",
    "uniques": [
      "Comment [-Medium naval melee, high withdraw chance]",
      "Only available <in cities with a [Drydock]>",
      "Consumes [2] [Manpower]",
      "Consumes [1] [Timber]",
      "Only available <with [Enable Hemiola]> <hidden from users>",
      "Only available <in cities without a [Colossus]> <hidden from users>",
    ],
    "promotions": [
      "[Hemiola] ability",
      "Boarding Tactics"
    ],
    "attackSound": "nonmetalhit"
  },
  {
    "name": "Trihemiola",
    "unitType": "Melee Water",
    "movement": 6,
    "strength": 17,
    "cost": 210,
    "uniques": [
      "Comment [-Mercenary medium naval melee, high withdraw chance]",
      "Only available <in cities with a [Mercenary Camp]>",
      "Can move immediately once bought",
      "Cannot enter ocean tiles",
	"[+1] XP gained from combat",
      "Consumes [1] [Mercenary (Rhodian)]",
      "Can be purchased with [Gold] [in all cities]",
      "Unbuildable",
    ],
    "promotions": [
      "[Hemiola] ability",
      "Boarding Tactics"
    ],
    "attackSound": "nonmetalhit"
  },
  {
    "name": "Hexere",
    "unitType": "Ranged Water",
    "movement": 5,
    "strength": 19,
    "rangedStrength": 18,
    "cost": 280,
    "requiredTech": "Naval Artillery",
    "uniques": [
      "Comment [-Medium naval ranged]",
      "Only available <in cities with a [Drydock]>",
      "Consumes [5] [Manpower]",
      "Consumes [1] [Timber]",
      "Only available <with [Enable Hexere]> <hidden from users>",
      "Never appears as a Barbarian unit",
    ],
    "attackSound": "arrow"
  },
  {
    "name": "Decere",
    "unitType": "Ranged Water",
    "movement": 5,
    "strength": 25,
    "rangedStrength": 23,
    "cost": 400,
    "requiredTech": "Naval Artillery",
    "uniques": [
      "Comment [-Heavy naval ranged unit]",
      "Only available <in cities with a [Great Harbor]>",
      "Limited to [1] per Civilization",
      "Cannot enter ocean tiles",
      "Consumes [5] [Manpower]",
      "Consumes [2] [Timber]",
      "Only available <with [Enable Decere]> <hidden from users>",
      "Never appears as a Barbarian unit",
    ],
    "attackSound": "bombard"
  },
  {
    "name": "Ballista",
    "unitType": "Siege",
    "movement": 2,
    "strength": 7,
    "rangedStrength": 11,
    "cost": 220,
    "requiredTech": "Engineering",
    "uniques": [
	"Comment [-Medium artillery, have good attack against mounted unit]",
	"Only available <in cities with a [Siege Workshop]>",
	"May attack when embarked",
	"Must set up to ranged attack",
	"Destroys tile improvements when attacking",
	"No defensive terrain bonus",
 	"[+40]% Strength <vs [Mounted] units> <when attacking>",
 	"[+40]% Strength <vs [Elephant] units> <when attacking>",
 	"[+40]% Strength <vs [Mounted Archery] units> <when attacking>",
	"[+200]% Strength <vs cities> <when attacking>",
      "Consumes [2] [Manpower]",
      "Consumes [1] [Timber]",
	"Never appears as a Barbarian unit",
	"Only available <with [Enable Ballista]> <hidden from users>",
	"[-1] Sight <hidden from users>",
    ],
    "hurryCostModifier": 20,
    "attackSound": "bombard"
  },
  {
    "name": "Catapult",
    "unitType": "Siege",
    "movement": 2,
    "strength": 7,
    "rangedStrength": 10,
    "cost": 310,
    "requiredTech": "Mass Production",
    "uniques": [
 	"Comment [-Heavy artillery, good against cities and infantry units]",
	"Only available <in cities with a [Siege Workshop]>",
	"May attack when embarked",
	"Must set up to ranged attack",
	"Destroys tile improvements when attacking",
	"No defensive terrain bonus",
 	"[+40]% Strength <vs [Spear] units> <when attacking>",
 	"[+40]% Strength <vs [Sword] units> <when attacking>",
 	"[+30]% Strength <vs [Siege] units> <when attacking>",
	"[+400]% Strength <vs cities> <when attacking>",
	"Consumes [3] [Manpower]",
	"Consumes [1] [Timber]",
	"Never appears as a Barbarian unit",
	"[-1] Sight <hidden from users>",
    ],
    "hurryCostModifier": 20,
    "attackSound": "bombard"
  },
  {
    "name": "Great Artist",
    "unitType": "Civilian",
    "uniques": [
      "Empire enters a [10]-turn Golden Age <by consuming this unit>",
      "Great Person - [Culture]",
	"Can instantly construct a [Village] improvement <[1] times> <after which this unit is consumed>",
      "Unbuildable",
      "Uncapturable"
    ],
    "movement": 3
  },
  {
    "name": "Great Courtesan",
    "unitType": "Civilian",
    "uniques": [
      "Empire enters a [10]-turn Golden Age <by consuming this unit>",
      "Free Great Person <by consuming this unit>",
	"Can instantly construct a [Village] improvement <[1] times> <after which this unit is consumed>",
	"Can instantly construct a [Trading post] improvement <[1] times> <after which this unit is consumed>",
      "Great Person - [Libertinage]",
      "Unbuildable",
      "Uncapturable"
    ],
    "movement": 3
  },
  {
    "name": "Great Orator",
    "unitType": "Civilian",
    "uniques": [
      	"Empire enters a [10]-turn Golden Age <by consuming this unit>",
      	"Free Social Policy <by consuming this unit>",
	"Can instantly construct a [Village] improvement <[1] times> <after which this unit is consumed>",
      	"Great Person - [Propagandhi]",
      	"Unbuildable",
      	"Uncapturable"
],
    "movement": 3
  },
  {
    "name": "Great Scholar",
    "unitType": "Civilian",
    "uniques": [
      "Empire enters a [12]-turn Golden Age <by consuming this unit>",
      "[1] free random researchable Tech(s) from the [Archaic Age] <by consuming this unit> <during the [Archaic Age]>",
      "[1] free random researchable Tech(s) from the [Classical Age] <by consuming this unit> <during the [Classical Age]>",
      "[1] free random researchable Tech(s) from the [Hellenistic Age] <by consuming this unit> <during the [Hellenistic Age]>",
      "Great Person - [Science]",
	"Can instantly construct a [Village] improvement  <[1] times> <after which this unit is consumed>",
      	"Unbuildable",
      	"Uncapturable"
    ],
    "movement": 3
  },
  {
    "name": "Great Merchant",
    "unitType": "Civilian",
    "uniques": [
      	"Empire enters a [12]-turn Golden Age <by consuming this unit>",
     	"Can undertake a trade mission with City-State, giving a large sum of gold and [60] Influence",
      	"Cannot enter ocean tiles <before discovering [Agriculture]>",
     	"[+100]% Strength <when defending> <when [Embarked]>",
	"Can instantly construct a [Trading post] improvement <[1] times> <after which this unit is consumed>",
      	"Great Person - [Gold]",
      	"Unbuildable",
      	"Uncapturable"
    ],
    "movement": 4
  },
  {
    "name": "Great Engineer",
    "unitType": "Civilian",
    "uniques": [
      "Empire enters a [12]-turn Golden Age <by consuming this unit> <if it hasn't used other actions yet>",
      "Can speed up construction of a building <if it hasn't used other actions yet>",
	"Can instantly construct a [Fort] improvement <[1] times> <after which this unit is consumed>",
      "[+10]% Strength bonus for [Siege] units within [1] tiles",
      "Great Person - [Production]",
      "Unbuildable",
      "Uncapturable"
    ],
    "movement": 3
  },
  {
    "name": "Great Prophet",
    "unitType": "Civilian",
    "uniques": [
      	"Takes your religion over the one in their birth city",
      	"Removes other religions when spreading religion",
      	"Can Spread Religion <for [1] movement> <[4] times> <after which this unit is consumed> <before adopting [War Priests]>",
      	"Can Spread Religion <for [1] movement> <[2] times> <after adopting [War Priests]>",
	"[+20]% Strength bonus for [Military] units within [1] tiles <after adopting [War Priests]>",
	"All adjacent units heal [+2] HP when healing <after adopting [Keeper of Traditions]>",
      	"May found a religion <by consuming this unit> <if it hasn't used other actions yet>",
      	"May enhance a religion <by consuming this unit>  <if it hasn't used other actions yet>",
	"Can instantly construct a [Village] improvement <[1] times> <after which this unit is consumed>",
      	"Great Person - [Faith]",
      	"Unbuildable",
	"Uncapturable",
      	"Religious Unit",
     	"Only available <when religion is enabled>",
    ],
    "movement": 4,
    "religiousStrength": 1000
  },
  {
    "name": "General",
    "unitType": "King",
    "movement": 4,
    "strength": 15,
    "cost": 700,
    "requiredTech": "Infantry Training",
    "uniques": [
		"Comment [-Battlefield commander, give bounus to nearby units]",
      		"Only available <in cities with a [Army Barracks]>",
	"[+10]% Strength <during the [Imperial Age]>",
	"[+30]% production cost <during the [Imperial Age]>",
      		"Consumes [1] [Nobles]",
      		"Never appears as a Barbarian unit",
      		"Great Person - [War]",
    ],
    "promotions": [
      "[Horseman] ability",
      "Scouting I",
	"Commander",
      "Cavalry Shield II"
    ],
    "attackSound": "metalhit"
  },
  {
    "name": "Foot Guard",
    "unitType": "Spear",
    "movement": 2,
    "strength": 15,
    "cost": 150,
    "uniques": [
	"Comment [-Elite medium spear infantry, give bounus to nearby units]",
      	"Only available <in cities with a [Palace]>",
      	"[+10]% Strength bonus for [Military] units within [1] tiles",
	"[+1] XP gained from combat",
	"[+20]% Strength <during the [Imperial Age]>",
	"[+40]% production cost <during the [Imperial Age]>",
      "Consumes [3] [Manpower]",
      "Consumes [1] [Veteran]",
    ],
    "promotions": [
      "[Spearman] ability",
      "Infantry Shield III"
    ],
    "attackSound": "metalhit"
  },
  {
    "name": "Royal Spartan",
    "unitType": "Spear",
    "uniqueTo": "The Spartans",
    "replaces": "Foot Guard",
    "movement": 2,
    "strength": 16,
    "cost": 180,
    "uniques": [
		"Comment [Elite medium spear infantry, the ‘SPARTA!’ warriors, good for boosting morale and getting the enemy to run away—just don’t expect them to do much beyond that.]",
     		"Only available <in cities with a [Palace]>",
      		"[+10]% Strength bonus for [Military] units within [1] tiles",
	      	"[+1] XP gained from combat",
		"[+20]% Strength <during the [Imperial Age]>",
		"[+40]% production cost <during the [Imperial Age]>",
      		"Consumes [3] [Manpower]",
      		"Consumes [1] [Veteran]",
    ],
    "promotions": [
      "[Spearman] ability",
      "Infantry Shield III",
      "Spartan Aura",
    ],
    "attackSound": "metalhit"
  },
  {
    "name": "Hypaspist",
    "unitType": "Spear",
    "uniqueTo": "The Macedonians",
    "replaces": "Foot Guard",
    "movement": 2,
    "strength": 15,
    "cost": 150,
    "uniques": [
	"Comment [-Elite medium spear infantry, give bounus to nearby units]",
      	"Only available <in cities with a [Palace]>",
      	"[+10]% Strength bonus for [Military] units within [1] tiles",
      	"[+1] XP gained from combat",
	"[+20]% Strength <during the [Imperial Age]>",
	"[+40]% production cost <during the [Imperial Age]>",
      "Consumes [3] [Manpower]",
      "Consumes [1] [Veteran]",
    ],
    "promotions": [
      "[Spearman] ability",
      "Infantry Shield III",
      "Assault I"
    ],
    "attackSound": "metalhit"
  },
  {
    "name": "King",
    "unitType": "King",
    "movement": 3,
    "strength": 15,
    "cost": 170,
    "uniques": [
		"Comment [This is you if roleplay is a thing, nothing says ‘royalty’ like a king who willingly throws peasants into the meat grinder. What’s a few hundred lives when you’ve got the throne to protect?.]",
		"Can only be built <in [Capital] cities>",
		"[+20]% Strength <during the [Imperial Age]>",
		"[+40]% production cost <during the [Imperial Age]>",
		"Limited to [1] per Civilization",
      		"Never appears as a Barbarian unit",
    ],
    "promotions": [
      	"[Cavalry] ability",
      	"Cavalry Shield II",
	"Commander",
    ],
    "attackSound": "metalhit"
  },
////Add-ons unit

  {
    "name": "Scythian King",
    "unitType": "King",
    "uniqueTo": "The Scythians",
    "replaces": "King",
    "movement": 4,
    "strength": 11,
  "rangedStrength": 9,
    "cost": 180,
    "uniques": [
		"Comment [This is you if roleplay is a thing, nothing says ‘royalty’ like a king who willingly throws peasants into the meat grinder. What’s a few hundred lives when you’ve got the throne to protect?.]",
		"Can only be built <in [Capital] cities>",
		"[+20]% Strength <during the [Imperial Age]>",
		"[+40]% production cost <during the [Imperial Age]>",
		"May attack when embarked",
      		"Limited to [1] per Civilization",
      		"Never appears as a Barbarian unit",
    ],
    "promotions": [
      	"Horse Archer ability",
	"Commander",
	"Parthian Doctrine",
    ],
    "attackSound": "arrow"
  }
  {
    "name": "Emperor",
    "unitType": "King",
    "uniqueTo": "The Romans",
    "replaces": "King",
    "movement": 3,
    "strength": 15,
    "cost": 190,
    "uniques": [
		"Can only be built <in [Capital] cities>",
		"Comment [This is you if roleplay is a thing, nothing says ‘royalty’ like a king who willingly throws peasants into the meat grinder. What’s a few hundred lives when you’ve got the throne to protect?.]",
      		"Limited to [1] per Civilization",
		"[+25]% Strength <during the [Imperial Age]>",
		"[+40]% production cost <during the [Imperial Age]>",
      		"Cannot be purchased",
    ],
    "promotions": [
      	"[Cavalry] ability",
      	"Cavalry Shield II",
	"Commander",
	"Inspiring"
    ],
    "attackSound": "metalhit"
  }
  {
    "name": "Numidian Horseman",
  "unitType": "Mounted Archery",
  "hurryCostModifier": 30,
  "cost": 140,
  "movement": 4,
  "strength": 9,
  "rangedStrength": 11,
  "requiredTech": "Riding",
  "uniques": [
 	"Comment [-Light mounted skirmisher, have high range attack, good at raiding, high withdraw chance]",
    	"Only available <in cities with a [Skirmisher Barracks]>",
    	"Can move after attacking",
	"May attack when embarked",
    	"[-1] Range",
    	"Consumes [3] [Manpower]",
    	"Consumes [1] [Horses]",
      	"Only available <after adopting [Numidian Culture]> <hidden from users>",
    	"Never appears as a Barbarian unit"
  ],
  "promotions": [
      "[Horseman] ability",
      "Raider I",
  ],
  "attackSound": "arrow"
  },
  {
    "name": "Numidian Cavalry",
  "unitType": "Mounted",
  "hurryCostModifier": 30,
  "cost": 160,
  "movement": 3,
  "strength": 17,
  "requiredTech": "Riding",
  "uniques": [
 	"Comment [-Medium cavalry, have strong attack, good at raiding, medium withdraw chance]",
    "Only available <in cities with a [Cavalry Barracks]>",
    "Can move after attacking",
    "Consumes [3] [Manpower]",
    "Consumes [2] [Horses]",
      "Only available <after adopting [Numidian Culture]> <hidden from users>",
    "Never appears as a Barbarian unit"
  ],
  "promotions": [
      "[Cavalry] ability",
      "Raider I",
	"Shock I",
  ],
  "attackSound": "horse"
  },
  {
  "name": "Mounted Skirmisher",
  "unitType": "Mounted Archery",
  "hurryCostModifier": 30,
  "cost": 190,
  "movement": 4,
  "strength": 9,
  "rangedStrength": 11,
  "requiredTech": "Riding",
  "uniques": [
      "Comment [-Light mounted skirmisher, strong range attack, have high withdraw chance.]",
    "Only available <in cities with a [Cavalry Barracks]>",
	"May attack when embarked",
    "Can move after attacking",
    "[-1] Range",
    "Consumes [3] [Manpower]",
    "Consumes [1] [Horses]",
    "Never appears as a Barbarian unit",
      "Only available <before adopting [Numidian Culture]> <hidden from users>",
  ],
  "promotions": [
      "[Horseman] ability",
  ],
  "attackSound": "arrow"
  },{
    "name": "Naked Warrior",
    "unitType": "Sword",
    "movement": 3,
    "strength": 11,
    "cost": 100,
    "uniques": [
      "Comment [-Light infantry, have big fear for range weapons, good at attacking, small withdraw chance.]",
      "Only available <in cities with a [Sacred Grove]>",
      "Consumes [2] [Manpower]",
      "Only available <after adopting [Celtic Culture]> <hidden from users>",
    ],
    "promotions": [
      "Infantry Shield I",
	"Naked Warrior",
    ],
    "attackSound": "metalhit"
  },
  {
    "name": "Mercenary Naked Warrior",
    "unitType": "Sword",
    "movement": 3,
    "strength": 12,
    "cost": 150,
    "uniques": [
      "Comment [-Elite light infantry, have big fear for range weapons, good at attacking, small withdraw chance.]",
      "Only available <in cities with a [Mercenary Camp]>",
      "Can move immediately once bought",
	"[+1] XP gained from combat",
      "Consumes [1] [Mercenary (Celtic)]",
      "Unbuildable",
      "Can be purchased with [Gold] [in all cities]",
    ],
    "promotions": [
      "Shock I",
      "Infantry Shield I",
	"Naked Warrior",
    ],
    "attackSound": "metalhit"
  },
  {
    "name": "Gladiator",
    "unitType": "Sword",
    "movement": 3,
    "strength": 14,
    "cost": 180,
    "uniques": [
      "Comment [Light shock infantry, trained to entertain the rich and die for the crowd. Good at killing, terrible at staying alive.]",
      "Only available <in cities with a [Arena]>",
      "Can move immediately once bought",
	"[+2] XP gained from combat",
      "Consumes [1] [Manpower]",
      "Unbuildable",
      "Can be purchased with [Gold] [in all cities]",
    ],
    "promotions": [
      "Shock I",
      "Infantry Shield I",
    ],
    "attackSound": "metalhit"
  },
  {
    "name": "Crossbowman",
    "unitType": "Archery",
    "movement": 2,
    "strength": 8,
    "rangedStrength": 10,
    "cost": 160,
    "requiredTech": "Crossbow Engineering",
    "uniques": [
      "Comment [Medium archery, anti armored units, nothing says ‘technological progress’ like making murder accessible to the lazy.]",
      "Only available <in cities with a [Ballistics Range]>",
	"May attack when embarked",
      "Consumes [3] [Manpower]",
    ],
    "promotions": [
      "Crossbowman ability",
    ],
    "attackSound": "arrow"
  },
  {
    "name": "Armored Archer",
    "unitType": "Archery",
    "movement": 2,
    "strength": 12,
    "rangedStrength": 11,
    "cost": 230,
    "requiredTech": "Heavy Archery Tactics",
    "uniques": [
      "Only available <in cities with a [Ballistics Range]>",
      "Comment [-Heavy archery, a symbol of the military genius that thought, ‘Why not make archers cost as much as knights?]",
	"May attack when embarked",
	"[+30]% Strength <vs cities> <when defending>",
      "Consumes [4] [Manpower]",
    ],
    "promotions": [
      "[Archer] ability",
	"Improved Armor"
    ],
    "attackSound": "arrow"
  },
  {
    "name": "Scythian Nobles",
    "uniqueTo": "The Scythians",
    "replaces": "General",
    "unitType": "King",
    "movement": 3,
    "strength": 11,
  "rangedStrength": 11,
    "cost": 900,
    "uniques": [
 	"Comment [Elite medium horse archer, have strong range attack, small withdraw chance]",
      	"Only available <in cities with a [Cavalry Barracks]>",
	"May attack when embarked",
      	"Consumes [1] [Nobles]",
    ],
    "promotions": [
      "Horse Archer ability",
      "Commander",
    ],
    "attackSound": "arrow"
  },
  {
    "name": "Camel Cavalry",
    "unitType": "Mounted",
    "hurryCostModifier": 20,
    "cost": 200,
    "movement": 3,
    "strength": 14,
    "uniques": [
      "Comment [-Medium camel cavalry, expert at desert fighting, have medium withdraw chance in desert.]",
      "Only available <in cities with a [Camel Stable]>",
      "Consumes [4] [Manpower]",
    ],
    "promotions": [
      "Camel Cavalry ability",
	"Camels Scare Horses"
	"Charge I",
    ],
    "attackSound": "horse"
  },

/////			---Veteran Units---
  
  {
    "name": "Royal Phalanx",
    "unitType": "Spear",
    "hurryCostModifier": 40,
    "cost": 260,
    "movement": 2,
    "strength": 21,
    "requiredTech": "Heavy Infantry",
    "uniques": [
	"Comment [-Elite heavy pike infantry, cavalry's worst nightmare, weak against arrows and darts.]",
      "Only available <in cities with a [Make Capital]>",
	"[+1] XP gained from combat",
      "Consumes [4] [Manpower]",
      "Consumes [1] [Veteran]",
      "Consumes [1] [Bronze]",
      "Only available <with [Enable Royal Phalanx]> <hidden from users>",
      "Never appears as a Barbarian unit",
    ],
    "promotions": [
      "[Royal Phalanx] ability",
      "Infantry Shield II"
    ],
    "attackSound": "metalhit"
  },
{
    "name": "Armored Horse Archer",
    "unitType": "Mounted Archery",
    "hurryCostModifier": 20,
    "cost": 300,
    "movement": 3,
    "strength": 12,
    "rangedStrength": 12,
    "requiredTech": "Heavy Archery Tactics",
    "uniques": [
      "Comment [-Elite heavy mounted archery, 'arrows goes brr', have high withdraw chance.]",
      "Only available <in cities with a [Nomadic Herd]>",
      "Only available <in cities with a [Imperial Barracks]>",
	"May attack when embarked",
      "[+1] XP gained from combat",
      "Consumes [4] [Manpower]",
      "Consumes [1] [Veteran]",
      "Consumes [1] [Horses]",
    ],
    "promotions": [
      "Horse Archer ability",
	"Improved Armor"
    ],
    "attackSound": "arrow"
  },
  {
    "name": "Royal Camel Cavalry",
    "unitType": "Mounted",
    "hurryCostModifier": 20,
    "cost": 280,
    "movement": 3,
    "strength": 16,
    "uniques": [
      "Comment [-Elite medium camel cavalry, expert at desert fighting, have medium withdraw chance in desert.]",
      "Only available <in cities with a [Camel Stable]> <during the [Imperial Age]>",
	"[+20]% Strength <when fighting in [Desert] tiles>",
      "Consumes [4] [Manpower]",
      "Consumes [1] [Veteran]",
    ],
    "promotions": [
      "Camel Cavalry ability",
	"Camels Scare Horses"
	"Charge I",
    ],
    "attackSound": "horse"
  },
  {
    "name": "Sacred Band",
    "unitType": "Spear",
    "uniqueTo": "The Carthaginians",
    "movement": 2,
    "strength": 15,
    "cost": 160,
    "requiredTech": "Citizen Levy",
    "uniques": [
      "Comment [-Elite heavy spear infantry, good defense.]",
      "Only available <in cities with a [Barracks]>",
	"[+1] XP gained from combat",
	"[+20]% Strength <during the [Imperial Age]>",
	"[+40]% production cost <during the [Imperial Age]>",
      "Consumes [3] [Manpower]",
      "Consumes [1] [Veteran]",
      "Consumes [1] [Bronze]",
      "Only available <after adopting [Punic Culture]> <hidden from users>",
    ],
    "promotions": [
      "[Spearman] ability",
      "Infantry Shield III",
      "Drill I",
      "Formation I",
    ],
    "attackSound": "metalhit"
  },
  {
    "name": "Mounted Armored Skirmisher",
    "unitType": "Mounted Archery",
    "hurryCostModifier": 30,
    "cost": 270,
    "movement": 3,
    "strength": 14,
    "rangedStrength": 11,
    "requiredTech": "Heavy Archery Tactics",
    "uniques": [
      "Comment [-Elite heavy mounted skirmisher, strong range attack, have medium withdraw chance.]",
      "Only available <in cities with a [Army Barracks]>",
	"May attack when embarked",
	"[+1] XP gained from combat",
	"[-1] Range",
	"Consumes [4] [Manpower]",
 	"Consumes [1] [Veteran]"
	"Consumes [1] [Horses]",
    ],
    "promotions": [
      "[Cavalry] ability",
	"Improved Armor"
    ],
    "attackSound": "arrow"
  },
  {
    "name": "Noble Riders",
    "unitType": "Mounted",
    "movement": 3,
    "strength": 21,
    "cost": 300,
    "uniques": [
 	"Comment [-Elite heavy cavalry, King's personal body guard, small withdraw chance]",
      "Only available <in cities with a [Imperial Barracks]>",
	"[+1] XP gained from combat",
      "Consumes [4] [Manpower]",
      "Consumes [1] [Veteran]",
      "Consumes [2] [Horses]",
      "Consumes [1] [Iron]",
      "Only available <after adopting [Celtic Culture]> <hidden from users>",
    ],
    "promotions": [
      "[Cavalry] ability",
      "Cavalry Shield II",
	"Praetorianus",
	"Improved Armor"
    ],
    "attackSound": "horse"
  },
  {
    "name": "Immortals",
    "unitType": "Spear",
    "movement": 2,
    "strength": 14,
    "cost": 180,
    "uniques": [
 	"Comment [-Elite medium spear infantry, have great defense, expert at desert warfare.] <before the [Imperial Age]>",
 	"Comment [-Elite heavy spear infantry, have great defense, expert at desert warfare.] <during the [Imperial Age]>",
      	"Only available <in cities with a [Barracks]> <before the [Imperial Age]>",
      	"Only available <in cities with a [Army Barracks]> <during the [Imperial Age]>",
	"[+1] XP gained from combat",
	"[+20]% Strength <during the [Imperial Age]>",
	"[+40]% production cost <during the [Imperial Age]>",
      	"[Immortals] units gain the [Improved Armor] promotion <during the [Imperial Age]>",
      	"Consumes [3] [Manpower]",
      	"Consumes [1] [Veteran]",
      	"Consumes [1] [Bronze]",
      	"Only available <after adopting [Eastern Culture]> <hidden from users>",
    ],
    "promotions": [
      "Infantry Shield II",
      "Desert Warrior",
	"Medic I",
    ],
    "attackSound": "metalhit"
  },
  {
    "name": "Chosen Axeman",
    "unitType": "Sword",
    "movement": 2,
    "strength": 18,
    "cost": 270,
    "uniques": [
 	"Comment [-Elite heavy shock infantry, have powerful charge attack but hate arrows, darts and javelins.]",
	"Only available <in cities with a [Imperial Barracks]>",
	"[+30]% Strength <when attacking> <when below [50] HP>",
      	"[-10]% Strength for enemy [Military] units in adjacent [all] tiles",
	"[-20]% Strength <vs [{Ranged} {Land}] units> <when defending>",
	"[+1] XP gained from combat",
      	"Consumes [1] [Veteran]",
      	"Consumes [4] [Manpower]",
      	"Consumes [1] [Iron]",
      	"Only available <after adopting [Germanic Culture]> <hidden from users>",
    ],
    "promotions": [
      "Infantry Shield II",
	"Shock I",
	"Berserker",
	"Improved Armor"
    ],
    "attackSound": "metalhit"
  },
  {
    "name": "Chieftain Riders",
    "unitType": "Mounted",
    "movement": 3,
    "strength": 20,
    "cost": 320,
    "uniques": [
 	"Comment [-Elite heavy cavalry, good at ambushing, medium withdraw chance]",
      "Only available <in cities with a [Imperial Barracks]>",
	"[+1] XP gained from combat",
      "Consumes [1] [Veteran]",
      "Consumes [4] [Manpower]",
      "Consumes [1] [Horses]",
      "Consumes [1] [Iron]",
      "Only available <after adopting [Germanic Culture]> <hidden from users>",
    ],
    "promotions": [
      "[Cavalry] ability",
      "Cavalry Shield II",
	"Ambush I",
	"Charge I",
	"Improved Armor"
    ],
    "attackSound": "horse"
  },
  {
    "name": "Companion Cavalry",
    "unitType": "Mounted",
    "uniqueTo": "The Macedonians",
    "movement": 3,
    "strength": 16,
    "cost": 200,
    "uniques": [
 	"Comment [-Elite medium cavalry, King's personal Guard have good attack] <before the [Imperial Age]>",
 	"Comment [-Elite heavy cavalry, King's personal Guard have good attack] <during the [Imperial Age]>",  
      "Only available <in cities with a [Cavalry Barracks]> <before the [Imperial Age]>",
      "Only available <in cities with a [Imperial Barracks]> <during the [Imperial Age]>",
  	"Limited to [1] per Civilization",
	"[+40]% Strength <during the [Imperial Age]>",
	"[+50]% production cost <during the [Imperial Age]>",
	"[+1] XP gained from combat",
      "Consumes [3] [Manpower]",
      "Consumes [1] [Veteran]",
      "Consumes [2] [Horses]",
      "Consumes [1] [Iron] <during the [Imperial Age]>",
    ],
    "promotions": [
      "[Cavalry] ability",
      "Cavalry Shield II",
      "Charge I",
	"Praetorianus",
    ],
    "attackSound": "horse"
  },
  {
    "name": "Silver Shield",
    "unitType": "Sword",
    "movement": 3,
    "strength": 16,
    "cost": 190,
    "uniques": [
 	"Comment [-Elite medium Infantry, King's personal Guard have good attack] <before the [Imperial Age]>",
 	"Comment [-Elite heavy Infantry, King's personal Guard have good attack] <during the [Imperial Age]>",
      "Only available <in cities with a [Army Barracks]> <before the [Imperial Age]>",
      "Only available <in cities with a [Imperial Barracks]> <during the [Imperial Age]>",
	"[+30]% Strength <during the [Imperial Age]>",
	"[+50]% production cost <during the [Imperial Age]>",
	"[+1] XP gained from combat",
      "Consumes [3] [Manpower]",
      "Consumes [1] [Veteran]",
      "Consumes [1] [Iron] <during the [Imperial Age]>",
      "Only available <after adopting [Hellenic Culture]> <hidden from users>",
    ],
    "promotions": [
	"Praetorianus",
      "Infantry Shield II",
    ],
    "attackSound": "metalhit"
  },
  {
    "name": "Spear Silver Shield",
    "unitType": "Sword",
    "movement": 3,
    "strength": 15,
    "cost": 180,
    "uniques": [
 	"Comment [-Elite medium Infantry, King's personal Guard have good attack] <before the [Imperial Age]>",
 	"Comment [-Elite heavy Infantry, King's personal Guard have good attack against cavalry] <during the [Imperial Age]>",
      "Only available <in cities with a [Army Barracks]> <before the [Imperial Age]>",
      "Only available <in cities with a [Imperial Barracks]> <during the [Imperial Age]>",
	"[+40]% Strength <during the [Imperial Age]>",
	"[+40]% production cost <during the [Imperial Age]>",
	"[+1] XP gained from combat",
      "Consumes [3] [Manpower]",
      "Consumes [1] [Veteran]",
      "Consumes [1] [Iron] <during the [Imperial Age]>",
      "Only available <after adopting [Hellenic Culture]> <hidden from users>",
    ],
    "promotions": [
	"Praetorianus",
      "Infantry Shield III",
    ],
    "attackSound": "metalhit"
  },
  {
    "name": "Iberian Heavy Lancer",
    "unitType": "Mounted",
    "movement": 3,
    "strength": 21,
    "cost": 300,
    "uniques": [
 	"Comment [Elite heavy shock cavalry, have strong charge, small withdraw chance]",
      "Only available <in cities with a [Imperial Barracks]>",
	"[+1] XP gained from combat",
      "Consumes [5] [Manpower]",
      "Consumes [1] [Veteran]",
      "Consumes [2] [Horses]",
      "Consumes [1] [Iron]",
      "Only available <after adopting [Iberian Culture]> <hidden from users>",
    ],
    "promotions": [
      "Armored Lancer",
	"Shock I",
      "Cavalry Shield II",
	"Improved Armor"
    ],
    "attackSound": "horse"
  },
  {
    "name": "Numidian Raiders",
    "unitType": "Mounted",
    "movement": 3,
    "strength": 16,
    "cost": 190,
    "uniques": [
 	"Comment [Elite medium cavalry, have strong charge, small withdraw chance]",
      "Only available <in cities with a [Cavalry Barracks]>",
	"[+10]% Strength <during the [Imperial Age]>",
      "[Numidian Raiders] units gain the [Improved Armor] promotion <during the [Imperial Age]>",
	"[+50]% production cost <during the [Imperial Age]>",
	"[+1] XP gained from combat",
      "Consumes [1] [Veteran]",
      "Consumes [4] [Manpower]",
      "Consumes [1] [Horses]",
      "Only available <after adopting [Numidian Culture]> <hidden from users>",
    ],
    "promotions": [
      "[Horseman] ability",
      "Cavalry Shield II",
      "Plunderer",
	"Raider I",
    ],
    "attackSound": "horse"
  },
  {
    "name": "Imperial Velite",
    "unitType": "Scout",
    "movement": 3,
    "strength": 14,
    "rangedStrength": 11,
    "cost": 230,
    "uniques": [
      "Comment [-Elite heavy skirmisher, good melee defense, high withdraw chance.]",
    "Can move after attacking",
      "Only available <in cities with a [Skirmisher Barracks]>",
	"[+1] XP gained from combat",
      "Consumes [4] [Manpower]",
      "Consumes [1] [Veteran]",
      "Only available <after adopting [Latin Culture]> <hidden from users>",
    ],
    "promotions": [
      "[Skirmisher] ability",
      "Infantry Shield II",
	"Improved Armor",
    ],
    "attackSound": "nonmetalhit",
  },
  {
    "name": "Eagle Cohort",
    "unitType": "Sword",
    "uniqueTo": "The Romans",
    "movement": 3,
    "strength": 18,
    "cost": 300,
    "uniques": [
 	"Comment [-Elite heavy infantry, inspire nearby ally units, have one job.]",
      "Only available <in cities with a [Imperial Barracks]>",
      "Limited to [1] per Civilization",
      "[+5]% Strength bonus for [Military] units within [3] tiles",
      "[+5]% Strength bonus for [Military] units within [2] tiles",
      "[+5]% Strength bonus for [Military] units within [1] tiles",
      "[+5]% Strength bonus for [Military] units within [1] tiles <when defending>",
	"[+1] XP gained from combat",
      "Consumes [4] [Manpower]",
      "Consumes [1] [Veteran]",
      "Consumes [1] [Iron]",
    ],
    "promotions": [
      "Infantry Shield III",
      "Veteran",	
	"Improved Armor"
    ],
    "attackSound": "metalhit"
  },
  {
    "name": "Praetoria",
    "unitType": "Sword",
    "uniqueTo": "The Romans",
    "movement": 2,
    "strength": 22,
    "cost": 340,
    "uniques": [
      "Comment [-Elite heavy infantry, Emperor's best frienemy.]",
      "Only available <in cities with a [Imperial Barracks]>",
      "Limited to [1] per Civilization",
      "[+10]% Strength bonus for [Military] units within [2] tiles",
	"[+1] XP gained from combat",
      "Consumes [5] [Manpower]",
      "Consumes [1] [Veteran]",
      "Consumes [1] [Iron]",
    ],
    "promotions": [
      "Infantry Shield III",
	"Praetorianus",
	"Drill I",
	"Improved Armor"
    ],
    "attackSound": "metalhit"
  },
  {
    "name": "Scholae Palatinae",
    "unitType": "Mounted",
    "movement": 3,
    "strength": 26,
    "cost": 400,
    "uniques": [
 	"Comment [-Elite very heavy cavalry, good at taking tile and (maybe) protecting Emperor]",
      "Only available <in cities with a [Imperial Barracks]>",
      "Limited to [1] per Civilization",
	"[+1] XP gained from combat",
      "Consumes [4] [Manpower]",
      "Consumes [1] [Veteran]",
      "Consumes [2] [Horses]",
      "Consumes [2] [Iron]",
      "Only available <after adopting [Latin Culture]> <hidden from users>",
    ],
    "promotions": [
      "[Cataphract] ability",
	"Praetorianus",
	"Improved Armor"
    ],
    "attackSound": "horse"
  },
  {
    "name": "Clibanarii",
    "unitType": "Mounted",
    "movement": 3,
    "strength": 28,
    "cost": 400,
    "uniques": [
 	"Comment [-Elite very heavy cavalry, ancient heavy tank]",
      "Only available <in cities with a [Imperial Barracks]>",
	"[+1] XP gained from combat",
      "Consumes [4] [Manpower]",
      "Consumes [1] [Veteran]",
      "Consumes [2] [Horses]",
      "Consumes [2] [Iron]",
    ],
    "promotions": [
      "Clibanarii ability",
	"Shock I",
	"Improved Armor"
    ],
    "attackSound": "horse"
},
///////					-----Scenario
  {
    "name": "Hellenic Legion",
    "unitType": "Sword",
    "movement": 2,
    "strength": 20,
    "cost": 250,
    "uniques": [
      "Comment [-Heavy sword infantry, can build road and fort, excellent in sieges and fighting against cavalry units]",
	"Can build [All Road] improvements on tiles",
      "Consumes [5] [Manpower]",
      "Consumes [1] [Iron]",
      "Only available <in cities with a [Hellenic Barracks]>"
    ],
    "promotions": [
      "Infantry Shield III",
      "Assault I",
      "Formation I"
    ],
    "attackSound": "metalhit"
  },
{
    "name": "Hellenic Limitanei",
    "unitType": "Spear",
    "movement": 2,
    "strength": 15,
    "cost": 200,
    "uniques": [
      "Comment [-Medium spear infantry, can build road, good at defending homeland and against cavalry.] <before the [Imperial Age]>",
      "Comment [-Heavy spear infantry, can build road, good at defending homeland and against cavalry.] <during the [Imperial Age]>",
      "Only available <in cities with a [Hellenic Barracks]>",
	"Can build [All Road] improvements on tiles",
       "[+20]% Strength <when fighting in [Friendly Land] tiles>",
       "[+10]% Strength <when fighting in [Hill] tiles>",
      "Consumes [4] [Manpower]",
    ],
    "promotions": [
      "[Spearman] ability",
      "Infantry Shield III",
      "Formation I"
    ],
    "attackSound": "metalhit"
  },
  {
    "name": "Gallic Legion",
    "unitType": "Sword",
    "movement": 2,
    "strength": 20,
    "cost": 250,
    "uniques": [
      "Comment [-Heavy sword infantry, can build road and fort, excellent in sieges and attacking]",
      "Only available <in cities with a [Gallic Barracks]>"
	"Can build [All Road] improvements on tiles",
	"Can build [Fort] improvements on tiles",
      "Consumes [5] [Manpower]",
      "Consumes [1] [Iron]",
    ],
    "promotions": [
      "Infantry Shield III",
      "Assault I",
      "Shock I"
    ],
    "attackSound": "metalhit"
  },
{
    "name": "Gallic Limitanei",
    "unitType": "Spear",
    "movement": 2,
    "strength": 15,
    "cost": 200,
    "uniques": [
      "Comment [-Medium spear infantry, can build road, good at defending homeland and offensive.] <before the [Imperial Age]>",
      "Comment [-Heavy spear infantry, can build road, good at defending homeland and offensive.] <during the [Imperial Age]>",
      "Only available <in cities with a [Gallic Barracks]>",
	"Can build [All Road] improvements on tiles",
       "[+10]% Strength <when fighting in [Friendly Land] tiles>",
       "[+10]% Strength <when fighting in [Forest] tiles>",
      "Consumes [4] [Manpower]",
    ],
    "promotions": [
      "[Spearman] ability",
      "Infantry Shield III",
      "Shock I"
    ],
    "attackSound": "metalhit"
  },
]